Cohort,Model,y_test,testresult
GSE4607,FAIM3/PLAC8,"[0, 0, 0, 0, 0, 0, 0, 0, 0, 0, 0, 0, 0, 0, 0, 1, 1, 1, 1, 1, 1, 1, 1, 1, 1, 1, 1, 1, 1, 1, 1, 1, 1, 1, 1, 1, 1, 1, 1, 1, 1, 1, 1, 1, 1, 1, 1, 1, 1, 1, 1, 1, 1, 1, 1, 1, 1, 1, 1, 1, 1, 1, 1, 1, 1, 1, 1, 1, 1, 1, 1, 1, 1, 1, 1, 1, 1, 1, 1, 1, 1, 1, 1, 1, 1, 1, 1, 1, 1, 1, 1, 1, 1, 1, 1, 1, 1, 1, 1, 1, 1, 1, 1, 1, 1, 1, 1, 1, 1, 1, 1, 1, 1, 1, 1, 1, 1, 1, 1, 1, 1, 1, 1]","[-0.86280106 -0.86235117 -0.9074936  -0.88071205 -0.83070138 -0.9157019
 -0.83459677 -0.8088844  -0.89821002 -0.85275195 -0.86873178 -0.89043958
 -0.92899652 -0.92940808 -0.87857804 -0.56658252 -0.72547194 -0.53775563
 -0.69672824 -0.7368588  -0.68851808 -0.71333426 -0.69185385 -0.66662709
 -0.65461898 -0.65562624 -0.69202352 -0.70691869 -0.60643482 -0.68156941
 -0.62203777 -0.79350165 -0.70679743 -0.81820144 -0.81425641 -0.7849025
 -0.7440218  -0.83182489 -0.59165523 -0.65939277 -0.5923203  -0.84165535
 -0.66661529 -0.57908881 -0.62951351 -0.78475876 -0.82424134 -0.66370284
 -0.62217654 -0.72499543 -0.72546771 -0.66904431 -0.62064474 -0.58750521
 -0.72659205 -0.79052373 -0.70221318 -0.86934889 -0.56527164 -0.85988821
 -0.90568175 -0.63646311 -0.76110211 -0.64881557 -0.74844549 -0.84719368
 -0.73524661 -0.65851423 -0.73601308 -0.61147217 -0.78473784 -0.72457727
 -0.88335128 -0.79221144 -0.77908581 -0.91936918 -0.75372108 -0.75346608
 -0.9973657  -0.95040892 -0.7541385  -0.66038894 -0.91695471 -0.85638878
 -0.8629546  -0.61704476 -0.53292139 -0.6038117  -0.71238268 -0.81455636
 -0.74388888 -0.65675248 -0.71706803 -0.80370952 -0.79180762 -0.93455786
 -0.8488857  -0.71110924 -0.61825044 -0.90635589 -0.85867682 -0.69532465
 -0.68527849 -0.82394878 -0.88297205 -0.87167279 -0.7695215  -0.75573996
 -0.60092005 -0.76374802 -0.74108402 -0.82379052 -0.72630119 -0.70291305
 -0.57661469 -0.64521375 -0.88919014 -0.93544826 -0.64749536 -0.75753428
 -0.75620044 -0.71727556 -0.601029  ]"
GSE4607,SeptiCyte,"[0, 0, 0, 0, 0, 0, 0, 0, 0, 0, 0, 0, 0, 0, 0, 1, 1, 1, 1, 1, 1, 1, 1, 1, 1, 1, 1, 1, 1, 1, 1, 1, 1, 1, 1, 1, 1, 1, 1, 1, 1, 1, 1, 1, 1, 1, 1, 1, 1, 1, 1, 1, 1, 1, 1, 1, 1, 1, 1, 1, 1, 1, 1, 1, 1, 1, 1, 1, 1, 1, 1, 1, 1, 1, 1, 1, 1, 1, 1, 1, 1, 1, 1, 1, 1, 1, 1, 1, 1, 1, 1, 1, 1, 1, 1, 1, 1, 1, 1, 1, 1, 1, 1, 1, 1, 1, 1, 1, 1, 1, 1, 1, 1, 1, 1, 1, 1, 1, 1, 1, 1, 1, 1]","[3.00208211 4.55260328 4.13347301 3.96473621 3.70186991 3.71764756
 3.31138548 2.70542048 3.1244929  3.18143971 3.09308462 3.40584176
 4.714001   4.14337122 4.29481987 4.44315399 4.81747408 3.44534017
 4.24047047 3.24528179 4.83657815 4.24728967 3.29448323 2.55984385
 4.39261227 4.39696719 2.25356571 3.5131599  4.52263074 4.85247238
 3.34357572 3.6955428  2.97524591 2.90597669 4.40636531 3.71335742
 4.55101704 2.52488905 4.68873136 5.61960209 4.03102506 3.71548433
 4.07402246 5.12983673 4.99748935 4.81455668 3.20862378 3.49247196
 5.60725258 4.50980537 4.67804217 3.85586179 3.50399634 4.87493269
 2.64641385 3.86065472 3.55678734 3.48931154 4.94910424 3.58268788
 2.3618152  4.94561719 5.25050009 4.96764555 3.61401499 3.69620602
 4.92037258 5.05878126 4.46744547 4.93046214 3.24661373 3.76195909
 4.09349942 4.33098679 4.78385722 4.5195618  2.82272767 4.40591436
 2.57623961 3.59460065 4.02726335 3.17702565 3.17989067 4.04162111
 3.62360535 3.17596473 3.73360296 3.62500542 4.03163504 4.43211881
 4.40823412 3.20201685 2.93199502 3.62232902 4.60005725 3.3384538
 3.14376267 4.37696969 4.51674069 4.40788904 3.66250454 3.91282823
 4.5230196  4.06031419 2.98372537 3.73604817 3.81090157 4.21546449
 5.16020324 3.5045698  3.10497239 3.64450113 4.13889467 4.41165156
 3.16527264 4.22060195 3.31705832 3.39886316 3.83498881 3.80024095
 4.30727659 4.23608115 3.57613885]"
GSE4607,sNIP,"[0, 0, 0, 0, 0, 0, 0, 0, 0, 0, 0, 0, 0, 0, 0, 1, 1, 1, 1, 1, 1, 1, 1, 1, 1, 1, 1, 1, 1, 1, 1, 1, 1, 1, 1, 1, 1, 1, 1, 1, 1, 1, 1, 1, 1, 1, 1, 1, 1, 1, 1, 1, 1, 1, 1, 1, 1, 1, 1, 1, 1, 1, 1, 1, 1, 1, 1, 1, 1, 1, 1, 1, 1, 1, 1, 1, 1, 1, 1, 1, 1, 1, 1, 1, 1, 1, 1, 1, 1, 1, 1, 1, 1, 1, 1, 1, 1, 1, 1, 1, 1, 1, 1, 1, 1, 1, 1, 1, 1, 1, 1, 1, 1, 1, 1, 1, 1, 1, 1, 1, 1, 1, 1]","[-0.02117082 -0.02611736 -0.06630476 -0.04010025 -0.01270556  0.00393745
  0.02739738 -0.01585976 -0.06514952 -0.01790449 -0.03800277 -0.0522523
 -0.00246779 -0.04725057 -0.05376851  0.16586693  0.1579077   0.11190407
  0.14352563  0.11876249  0.13333333  0.00815749  0.00332676  0.01737899
  0.12269011  0.12641193  0.07461343  0.10386835  0.05472221  0.06291253
  0.02987244  0.01638823  0.01593492 -0.00607766  0.07470105 -0.01474603
  0.12237926  0.01153262  0.09825324  0.20684587  0.12280925  0.04537728
  0.11413251  0.15500972  0.03986714  0.08809727  0.04444501  0.07728761
  0.10142443  0.09567486  0.12025416  0.10708609  0.1137738   0.210247
  0.03363453  0.00484405  0.09834544  0.0131772   0.08821617 -0.01290008
  0.00846935  0.15476606  0.11106159  0.06026368  0.00566636  0.01096862
  0.03128203  0.12325676  0.07083074  0.14870805 -0.01046611 -0.03009569
  0.02636687  0.02758826 -0.02344423  0.02740981  0.00232132  0.04076898
 -0.07740802 -0.01807621  0.01151158 -0.01057689 -0.04736657  0.05637471
 -0.01619902  0.06911282  0.0937066   0.1083228   0.10023068  0.07079263
  0.08767568  0.07139604 -0.05026205 -0.0164052   0.08718599 -0.07424124
 -0.01083942  0.05487763  0.07336703 -0.06807378 -0.01535768  0.15749256
  0.07245509 -0.11430621 -0.00697978 -0.00026     0.01965314  0.02150893
  0.16264652 -0.03643802 -0.04621659  0.01571477  0.00615233  0.02816284
  0.01412464  0.00749045  0.01678416  0.01270127  0.1147365   0.07805087
  0.06990926  0.00950856  0.03090409]"
GSE8121,FAIM3/PLAC8,"[0, 0, 0, 0, 0, 0, 0, 0, 0, 0, 0, 0, 0, 0, 0, 1, 1, 1, 1, 1, 1, 1, 1, 1, 1, 1, 1, 1, 1, 1, 1, 1, 1, 1, 1, 1, 1, 1, 1, 1, 1, 1, 1, 1, 1, 1, 1, 1, 1, 1, 1, 1, 1, 1, 1, 1, 1, 1, 1, 1, 1, 1, 1, 1, 1, 1, 1, 1, 1, 1, 1, 1, 1, 1, 1]","[-0.82313909 -0.78615892 -1.2177     -1.07208105 -0.64120954 -1.26226106
 -0.74487625 -0.60368878 -1.11570343 -0.79720428 -0.9375266  -1.15061353
 -1.4579278  -1.44345503 -1.07880402 -0.1183752  -0.05448045 -0.05470194
 -0.15922379 -0.85298701 -0.06060606 -0.05577785 -0.27149616 -0.1439454
 -0.15981627 -0.23302594 -0.10043565 -0.35281348 -0.60659732 -0.15084849
 -0.0786011  -0.23399558 -0.20806515 -0.13372037 -0.11508307 -0.06256103
 -0.38000568 -0.44963404 -0.20793894 -0.08801031 -0.43795891 -0.24111583
 -0.55923687 -0.51133184 -0.28139853 -0.33792234 -0.2533614  -0.10578542
 -0.11686931 -1.4391069  -0.09524335 -0.09932924 -0.20814834 -2.28243775
 -0.24255219 -0.08232941 -0.13004791 -1.54381306 -0.10839148 -0.34685466
 -0.29653295 -0.27182603 -0.11632426 -0.28699684 -0.22524805 -0.08374299
 -1.29819513 -0.8398013  -0.12340856 -0.48398811 -0.91664163 -0.28335815
 -0.93896537 -0.43612544 -0.62794157]"
GSE8121,SeptiCyte,"[0, 0, 0, 0, 0, 0, 0, 0, 0, 0, 0, 0, 0, 0, 0, 1, 1, 1, 1, 1, 1, 1, 1, 1, 1, 1, 1, 1, 1, 1, 1, 1, 1, 1, 1, 1, 1, 1, 1, 1, 1, 1, 1, 1, 1, 1, 1, 1, 1, 1, 1, 1, 1, 1, 1, 1, 1, 1, 1, 1, 1, 1, 1, 1, 1, 1, 1, 1, 1, 1, 1, 1, 1, 1, 1]","[0.62423028 1.79017661 1.41918019 1.45863982 1.02421633 1.02543771
 0.67035197 0.45510711 0.65837807 0.67572863 0.89530114 0.73667128
 2.97961499 2.40385339 1.53110205 5.68180147 6.27569577 1.39483838
 2.35687985 0.08230537 2.94263817 2.57387322 1.36989101 1.3211262
 3.50395247 2.68509468 2.56214655 1.42751811 0.53056908 1.18316925
 8.1861859  3.15695924 2.38911078 2.35134875 0.74314875 4.56124194
 0.13987287 1.49355599 3.1837689  1.84145868 1.32556492 0.35258102
 0.78557373 1.67532281 1.60897032 2.83211495 2.08245803 1.29730428
 2.58062723 0.05494753 3.12522696 4.23307973 0.2857614  0.08362168
 0.53543019 3.01442113 2.30418499 0.2422937  1.59357911 1.43412153
 2.44877701 2.82670398 3.58191388 1.637547   0.30780709 3.06047688
 0.2521704  1.0484835  1.75554867 0.36151103 0.45397163 0.76620552
 1.57769654 2.31486425 0.81171225]"
GSE8121,sNIP,"[0, 0, 0, 0, 0, 0, 0, 0, 0, 0, 0, 0, 0, 0, 0, 1, 1, 1, 1, 1, 1, 1, 1, 1, 1, 1, 1, 1, 1, 1, 1, 1, 1, 1, 1, 1, 1, 1, 1, 1, 1, 1, 1, 1, 1, 1, 1, 1, 1, 1, 1, 1, 1, 1, 1, 1, 1, 1, 1, 1, 1, 1, 1, 1, 1, 1, 1, 1, 1, 1, 1, 1, 1, 1, 1]","[ 0.08753722  0.08824606 -0.0286      0.03031058 -0.01860826 -0.10081922
  0.0790682  -0.25139492 -0.18742805 -0.26569946  0.18546259 -0.01422521
  0.31724995  0.04073909 -0.10240891  1.41764843  0.53661822  0.67293593
  0.50392769  1.15584416  0.35659074  0.39284571  0.41907201  0.62819185
  0.62112889  0.15291066  0.53963444  0.15960403  0.34945179  0.51832403
  0.37379118  0.24041742  0.52322781  0.40125682  0.63897704  0.85371042
  1.43254757  0.12268949  0.56246025  0.13124194  0.16101758  0.17513645
  0.04937013  0.34121433  0.48069536  1.02390318  0.28738286  0.2375299
  0.56470538  1.01691475  0.67759261  0.31601053  0.37921128 -1.30668414
  1.34095707  0.28192009  0.28690395  0.32873075  0.42937199  0.40954447
  0.14523836  0.19430764  0.53119795  0.8197807   0.40384209  0.64806195
 -0.47894324  0.77563904  0.58367091  0.07494223 -0.03364374 -0.06780438
  0.12703501  0.17377138  0.29645659]"
GSE9692,FAIM3/PLAC8,"[1, 1, 1, 1, 1, 1, 1, 1, 1, 1, 1, 1, 1, 1, 1, 1, 1, 1, 1, 1, 1, 0, 0, 0, 0, 0, 0, 0, 0, 0, 0, 0, 1, 1, 1, 1, 1, 1, 1, 1, 0, 0, 0, 0, 1]","[-0.20415893 -1.26431795 -0.11323492 -0.2106229  -0.21432071 -0.61648151
 -0.09677029 -0.58794225 -0.40345486 -0.3681589  -0.02317547 -0.06566136
 -0.09164849 -0.18218859 -0.24024129 -0.30713644 -0.04195804 -0.4424599
 -0.08339715 -0.38491156 -0.070771   -1.15640793 -1.47387785 -1.39468677
 -1.27246208 -0.95311946 -0.78280731 -1.0805005  -0.63548279 -0.77651254
 -1.3058     -0.67766474 -0.13233979 -0.11617866 -0.25065336 -0.04946604
 -0.11415738 -0.52672673 -0.59887006 -0.3382702  -1.1658296  -1.20012284
 -0.83393536 -0.89101552 -0.20391863]"
GSE9692,SeptiCyte,"[1, 1, 1, 1, 1, 1, 1, 1, 1, 1, 1, 1, 1, 1, 1, 1, 1, 1, 1, 1, 1, 0, 0, 0, 0, 0, 0, 0, 0, 0, 0, 0, 1, 1, 1, 1, 1, 1, 1, 1, 0, 0, 0, 0, 1]","[1.46842208 0.20465704 1.42760948 0.37519416 0.69902074 0.3945289
 1.81949256 0.21369542 1.00646134 1.23864369 0.87065893 1.71724315
 1.85820688 1.16605577 1.54068765 1.47856234 2.70270035 1.49447394
 4.45692432 0.57926245 0.93663152 1.45422804 2.16516511 2.60692743
 0.7543821  0.91200263 0.6476048  0.57039298 0.36172473 0.54729041
 0.9503494  0.76617385 0.32199729 0.79209875 0.72076063 1.00866886
 3.07348851 0.25117548 2.10486618 0.40440756 1.19315519 1.84945632
 1.90170321 0.52759738 0.4908653 ]"
GSE9692,sNIP,"[1, 1, 1, 1, 1, 1, 1, 1, 1, 1, 1, 1, 1, 1, 1, 1, 1, 1, 1, 1, 1, 0, 0, 0, 0, 0, 0, 0, 0, 0, 0, 0, 1, 1, 1, 1, 1, 1, 1, 1, 0, 0, 0, 0, 1]","[ 0.18106201 -0.92710864  0.78112467  0.83137935  0.48841604  0.37953905
  0.86831176 -0.44591297  0.33153393  0.40413233  0.79967372  0.58161165
  0.74027626  0.75307205  0.58602124  1.24368239  0.69157708  0.49464173
  0.79046293  0.68006257  0.36704066 -0.13295322  0.18780149  0.38363583
 -0.05775963  0.28349876 -0.14441445 -0.17683534 -0.10574674  0.24890729
  0.1543      0.02667033  0.64560358  0.70148883  0.91577572  0.42808932
  0.91667266  0.67247247  0.50329962  1.18665148  0.21695067 -0.12723923
  0.15865019  0.10378147  0.785848  ]"
GSE13904,FAIM3/PLAC8,"[0, 0, 0, 0, 0, 0, 0, 0, 0, 0, 0, 0, 0, 0, 0, 0, 0, 0, 1, 1, 1, 1, 1, 1, 1, 1, 1, 1, 1, 1, 1, 1, 1, 1, 1, 1, 1, 1, 1, 1, 1, 1, 1, 1, 1, 1, 1, 1, 1, 1, 1, 1, 1, 1, 1, 1, 1, 1, 1, 1, 1, 1, 1, 1, 1, 1, 1, 1, 1, 1]","[-1.59158585 -1.29524009 -1.07676607 -1.07618573 -1.47283201 -1.40825397
 -1.2437521  -0.87207621 -0.76917518 -1.10812294 -0.64609974 -0.7351552
 -1.27819257 -0.67265771 -1.12247295 -1.16901004 -0.82841261 -0.87509833
 -0.39166806 -0.10689941 -0.57928429 -0.32816304 -1.1183223  -0.22700469
 -0.40834667 -0.25474948 -0.21488783 -1.11101623 -0.35313448 -0.40168683
 -1.00412773 -0.6573153  -0.18245614 -0.40520475 -0.26267642 -0.61065771
 -0.2830119  -0.1895533  -0.84120448 -0.91028781 -1.5988024  -0.47023659
 -0.52405019 -0.8550006  -0.26737116 -0.13701393 -0.43078988 -0.12971203
 -1.24653396 -0.16991015 -0.83437827 -1.20337909 -0.36288171 -1.28008248
 -0.22507801 -0.34132597 -0.32365481 -1.54594839 -0.37164322 -0.13466117
 -0.1525839  -1.06838738 -0.64391328 -0.20706909 -0.46702638 -1.36544161
 -0.35252709 -1.34138702 -0.87831156 -0.56856437]"
GSE13904,SeptiCyte,"[0, 0, 0, 0, 0, 0, 0, 0, 0, 0, 0, 0, 0, 0, 0, 0, 0, 0, 1, 1, 1, 1, 1, 1, 1, 1, 1, 1, 1, 1, 1, 1, 1, 1, 1, 1, 1, 1, 1, 1, 1, 1, 1, 1, 1, 1, 1, 1, 1, 1, 1, 1, 1, 1, 1, 1, 1, 1, 1, 1, 1, 1, 1, 1, 1, 1, 1, 1, 1, 1]","[0.87652408 0.19895164 1.69195573 1.5575759  2.28676017 2.42134091
 0.72073094 0.7337272  0.63118793 0.63504547 0.35310088 0.60290739
 1.03662218 0.80823672 1.33138364 1.82427121 1.8953379  0.56890444
 0.25989736 1.45746371 1.82084053 1.67298574 0.43845091 2.03132031
 0.41333417 0.85528557 3.06395898 0.28162011 1.36235684 1.38710643
 0.64777878 0.90546423 2.51804634 1.41526747 1.04300098 0.13007268
 0.44079348 1.19786735 0.70378062 0.29021452 0.25782094 2.50985819
 0.70231367 0.59316224 1.77965852 1.29403801 0.33998242 0.22144043
 2.11040874 2.49822263 0.72856678 0.19214953 1.25484018 1.00013945
 0.61186731 1.74589483 1.16310517 0.23073478 0.44772686 1.99070378
 1.28745817 0.29237813 3.61063186 1.05410528 0.13235846 0.6931251
 0.94334794 1.92448763 2.48652821 2.41106615]"
GSE13904,sNIP,"[0, 0, 0, 0, 0, 0, 0, 0, 0, 0, 0, 0, 0, 0, 0, 0, 0, 0, 1, 1, 1, 1, 1, 1, 1, 1, 1, 1, 1, 1, 1, 1, 1, 1, 1, 1, 1, 1, 1, 1, 1, 1, 1, 1, 1, 1, 1, 1, 1, 1, 1, 1, 1, 1, 1, 1, 1, 1, 1, 1, 1, 1, 1, 1, 1, 1, 1, 1, 1, 1]","[ 0.14369622  0.33927448  0.02800771 -0.20154363  0.0786237   0.33693122
 -0.03698308  0.20711066 -0.1253226  -0.2090011  -0.13235294  0.16452991
  0.12275768  0.06299493  0.09353242 -0.13639407  0.16438855  0.08609387
  0.15526184  0.69762402  0.50230874  0.15017041  0.32715232  0.67818173
  1.08937585  1.31430259  0.3844164   1.05380017  0.28800135  0.15931164
  0.16876947 -0.51592713  0.57774123  0.57336395  0.16718941 -0.16634662
  0.13693827  0.54388245  0.11259812  0.29118187 -0.49119942  0.52854256
  0.08112583  0.47539001  2.10118703  0.45676292 -0.06690951  0.48560154
  0.05003485  0.86562714  0.23310693  0.38416051  0.31900385  0.63901019
  0.67235999  0.56906077  0.47353719  0.54934359  0.71003836  0.32988793
  0.95571785 -0.00375028  0.29163643  0.3697479   0.49430456  0.36484884
  0.41714783  1.04977629  0.21289942  0.74968205]"
GSE26378,FAIM3/PLAC8,"[1, 1, 1, 1, 1, 1, 1, 1, 1, 1, 1, 1, 1, 0, 0, 0, 0, 0, 1, 1, 1, 1, 1, 1, 1, 1, 1, 1, 1, 1, 0, 0, 0, 0, 0, 0, 1, 1, 1, 1, 1, 1, 1, 1, 1, 1, 1, 1, 1, 1, 1, 1, 1, 1, 0, 1, 1, 1, 1, 1, 1, 1, 1, 0, 1, 1, 1, 1, 1, 1, 1, 1, 1, 1, 1, 1, 1, 0, 0, 1, 1, 1, 1, 1, 1, 0, 0, 1, 0, 0, 0, 0, 1, 1, 1, 1, 1, 1, 1, 1, 1, 1, 1]","[-0.6210009  -0.74290815 -0.56151661 -0.75660242 -0.65896313 -0.56251702
 -0.76847265 -0.68038943 -0.79256033 -0.45419682 -0.53497729 -0.70182178
 -0.45458677 -0.84915694 -0.85636401 -0.87131081 -0.88903762 -0.79680158
 -0.57561789 -0.70150499 -0.69315325 -0.70076011 -0.69777666 -0.61164642
 -0.72507137 -0.72263785 -0.75138858 -0.59974039 -0.67511788 -0.64496642
 -0.75170026 -0.87674372 -0.85971506 -0.85035713 -0.82101781 -0.87049684
 -0.54351215 -0.46611684 -0.69305616 -0.64859165 -0.71848451 -0.78986014
 -0.70662197 -0.61902202 -0.79038147 -0.67997025 -0.6781398  -0.53573877
 -0.59825502 -0.63912074 -0.67567033 -0.65650425 -0.74549718 -0.90021614
 -0.91498295 -0.85212753 -0.69655363 -0.71267093 -0.63412584 -0.58912058
 -0.70103437 -0.80908094 -0.73070559 -0.87041188 -0.70737563 -0.69775457
 -0.73251218 -0.61934796 -0.88554105 -0.76741217 -0.62237086 -0.73097352
 -0.52899367 -0.94054763 -0.50617353 -0.50578878 -0.80380457 -0.71416473
 -0.89893764 -0.5107077  -0.50512347 -0.77836893 -0.80716302 -0.68644556
 -0.80509439 -0.8950306  -0.92681169 -0.61479021 -0.84548675 -0.83125256
 -0.92418529 -0.8501298  -0.49715688 -0.64531046 -0.61498045 -0.62204564
 -0.74351334 -0.65722944 -0.64502795 -0.74579341 -0.62249339 -0.68096431
 -0.81681679]"
GSE26378,SeptiCyte,"[1, 1, 1, 1, 1, 1, 1, 1, 1, 1, 1, 1, 1, 0, 0, 0, 0, 0, 1, 1, 1, 1, 1, 1, 1, 1, 1, 1, 1, 1, 0, 0, 0, 0, 0, 0, 1, 1, 1, 1, 1, 1, 1, 1, 1, 1, 1, 1, 1, 1, 1, 1, 1, 1, 0, 1, 1, 1, 1, 1, 1, 1, 1, 0, 1, 1, 1, 1, 1, 1, 1, 1, 1, 1, 1, 1, 1, 0, 0, 1, 1, 1, 1, 1, 1, 0, 0, 1, 0, 0, 0, 0, 1, 1, 1, 1, 1, 1, 1, 1, 1, 1, 1]","[2.65996348 2.38816299 2.60390346 3.3344449  3.1609906  1.97207375
 3.0162633  2.80558278 2.21399862 2.49827423 2.90867888 1.80160064
 2.50268688 1.85491059 1.88265935 2.27077895 1.73782269 1.85270791
 2.91251014 2.31284692 2.38860801 2.95910479 2.3408278  2.05731063
 2.54669518 2.77626711 1.95290413 3.22433873 2.66653788 3.18703175
 2.19416996 2.37570188 2.203558   2.60797496 2.58399566 1.59557462
 3.35982565 2.33337032 2.79565459 2.83495253 2.60281744 2.35561434
 3.02674634 2.78886016 2.08360757 2.49737842 3.22486757 3.79127791
 2.20506519 2.46584423 3.54254262 3.25016741 2.85577541 2.11956959
 2.15779137 2.73372043 2.77318925 2.21964851 2.79642441 2.5560259
 2.61367391 3.19119065 2.03063437 1.77761877 3.14815373 1.9379775
 2.91649224 2.61806607 2.46977906 2.54869577 3.31208317 2.88527193
 3.00094873 2.418138   3.33359256 2.72395667 2.55298242 1.83847206
 2.22370747 3.26015411 3.24977071 2.43558163 2.6760251  3.09293382
 2.95101671 2.65365143 2.18520969 3.3700351  2.2356412  2.71268209
 2.49316241 1.86543768 2.65710764 2.58501355 3.16138932 3.27459063
 2.51757603 3.02658441 3.21610669 2.44370796 2.13942456 3.24840922
 2.44371015]"
GSE26378,sNIP,"[1, 1, 1, 1, 1, 1, 1, 1, 1, 1, 1, 1, 1, 0, 0, 0, 0, 0, 1, 1, 1, 1, 1, 1, 1, 1, 1, 1, 1, 1, 0, 0, 0, 0, 0, 0, 1, 1, 1, 1, 1, 1, 1, 1, 1, 1, 1, 1, 1, 1, 1, 1, 1, 1, 0, 1, 1, 1, 1, 1, 1, 1, 1, 0, 1, 1, 1, 1, 1, 1, 1, 1, 1, 1, 1, 1, 1, 0, 0, 1, 1, 1, 1, 1, 1, 0, 0, 1, 0, 0, 0, 0, 1, 1, 1, 1, 1, 1, 1, 1, 1, 1, 1]","[ 0.08425962 -0.02585201  0.06137383  0.0296675   0.15193889  0.02109457
  0.10475106  0.02648819 -0.03912698  0.16071704  0.13604882 -0.06224641
  0.07651707 -0.05039198 -0.04412743 -0.02701727 -0.06996215  0.16979639
  0.10162848 -0.0024582   0.01120922  0.10171618  0.09199702  0.0559528
  0.02174698  0.11846498  0.04973013  0.02709121  0.08981984  0.06118345
  0.01289718 -0.02299223 -0.07850306 -0.01727132 -0.03421957 -0.00107783
  0.15457976  0.12121233  0.16210539  0.11224164  0.08216499 -0.02936219
  0.0329215   0.12604497 -0.06026116  0.05094627  0.04686187 -0.01406459
  0.10736194  0.08571104  0.11029838  0.12357007 -0.04372403 -0.06465164
 -0.10796758 -0.02986108  0.10248409  0.08900252  0.08285447  0.10725885
  0.00693043  0.03103446  0.15105365 -0.09278906  0.08500795  0.04990017
 -0.11726975  0.10258563 -0.037629    0.01347821  0.1787605   0.12698794
  0.08714715 -0.05798807  0.13474813  0.09326086 -0.06540157  0.17910993
 -0.0578938   0.18202747  0.18209242  0.00332809 -0.01744776  0.11076969
  0.02730629 -0.05606812 -0.09819857  0.1011255  -0.04410574  0.03624011
 -0.04800108 -0.1092372   0.13661924  0.08211665  0.14158715  0.1880446
  0.02005074  0.15829076  0.10954966  0.04802974  0.00125929  0.07512598
  0.03436625]"
GSE28750,FAIM3/PLAC8,"[1, 1, 1, 1, 1, 1, 1, 1, 1, 1, 0, 0, 0, 0, 0, 0, 0, 0, 0, 0, 0, 0, 0, 0, 0, 0, 0, 0, 0, 0]","[-0.7424522  -0.74553385 -0.49325123 -0.56423242 -0.52771588 -0.43364268
 -0.48726026 -0.59868675 -0.50838652 -0.63253066 -0.90863709 -0.85774115
 -0.93122648 -0.92675615 -0.89803859 -0.90663459 -0.98449039 -0.92811484
 -0.93156382 -0.88925237 -0.8627325  -0.90680092 -0.92437717 -0.90524032
 -0.87845427 -0.90792159 -0.86533871 -0.85257062 -0.85455309 -0.852099  ]"
GSE28750,SeptiCyte,"[1, 1, 1, 1, 1, 1, 1, 1, 1, 1, 0, 0, 0, 0, 0, 0, 0, 0, 0, 0, 0, 0, 0, 0, 0, 0, 0, 0, 0, 0]","[1.78695705 1.83564434 3.22557043 2.74687149 4.1776635  3.47692024
 2.20025645 2.75175728 2.98482027 2.64614862 2.02614467 1.80386046
 2.37800517 2.68310903 2.15790396 2.32903803 2.32644782 2.36556977
 2.2462062  1.96238024 1.77542416 2.19661223 2.401701   1.99580618
 2.79782139 2.13237051 2.1045663  1.99080472 2.30356963 2.22988209]"
GSE28750,sNIP,"[1, 1, 1, 1, 1, 1, 1, 1, 1, 1, 0, 0, 0, 0, 0, 0, 0, 0, 0, 0, 0, 0, 0, 0, 0, 0, 0, 0, 0, 0]","[-0.00769717 -0.00350805  0.19040031  0.22396692  0.09625852  0.17054264
  0.15831477  0.18203648  0.2488226   0.08924025 -0.00357324 -0.03108944
 -0.05373264 -0.03237873 -0.07409763 -0.05260438 -0.06945924 -0.07108156
 -0.07199431 -0.04235279  0.08180783 -0.04806571 -0.04833397 -0.0359267
 -0.02693885 -0.01732159 -0.01491917  0.06064803  0.02168096 -0.05042937]"
GSE185263,FAIM3/PLAC8,"[1 1 1 1 1 1 1 1 1 1 1 1 1 1 1 1 1 1 1 1 1 1 1 1 1 1 1 1 1 1 1 1 1 1 1 1 1
 1 1 1 1 1 1 1 1 1 1 1 1 1 1 1 1 1 1 1 1 1 1 1 1 1 1 1 1 1 1 1 1 1 1 1 1 1
 1 1 1 1 1 1 1 1 1 1 1 1 1 1 1 1 1 1 1 1 1 1 1 1 1 1 1 1 1 1 1 1 1 1 1 1 1
 1 1 1 1 1 1 1 1 1 1 1 1 1 1 1 1 1 1 1 1 1 1 1 1 1 1 1 1 1 1 1 1 1 1 1 1 1
 1 1 1 1 1 1 1 1 1 1 1 1 1 1 1 1 1 1 1 1 1 1 1 1 1 1 1 1 1 1 1 1 1 1 1 1 1
 1 1 1 1 1 1 1 1 1 1 1 1 1 1 1 1 1 1 1 1 1 1 1 1 1 1 1 1 1 1 1 1 1 1 1 1 1
 1 1 1 1 1 1 1 1 1 1 1 1 1 1 1 1 1 1 1 1 1 1 1 1 1 1 1 1 1 1 1 1 1 1 1 1 1
 1 1 1 1 1 1 1 0 0 0 0 0 0 0 0 0 0 0 0 0 0 0 0 0 0 0 0 0 0 0 0 0 0 0 0 0 0
 0 0 0 0 0 0 0 0 0 1 1 1 1 1 1 1 1 1 1 1 1 1 1 1 1 1 1 1 1 1 1 1 1 1 1 1 1
 1 1 1 1 1 1 1 1 1 1 1 1 1 1 1 1 1 1 1 1 1 1 1 1 1 1 1 1 1 1 1 1 1 1 1 1 1
 1 1 1 1 1 1 1 1 1 1 1 1 1 1 1 1 1 0 0 0 0 0]","[-0.79903784 -0.8241037  -0.75074677 -1.0982081  -0.89425883 -1.62169178
 -1.07306388 -0.68257876 -0.56563035 -1.05414281 -0.74162974 -0.91227641
 -1.04130856 -0.60504135 -0.62070483 -1.07689126 -0.95000083 -1.24642298
 -0.95330642 -0.94318656 -0.91823517 -1.29388604 -1.08125817 -0.94355772
 -1.02893088 -1.1614654  -0.99484252 -0.96448484 -1.13853517 -1.08364422
 -1.18996502 -0.99634771 -0.623277   -1.18990208 -1.06729691 -1.02627345
 -0.5932392  -0.94014508 -1.26467698 -0.88143633 -0.91716584 -1.16301869
 -0.99311033 -1.10561598 -1.17353366 -1.02540478 -0.6720865  -0.88174597
 -0.96445705 -1.03970878 -0.75922247 -1.26509139 -1.15685258 -0.89969495
 -1.05053751 -0.78308528 -1.19119586 -0.91648656 -0.78564099 -0.76349227
 -1.03141381 -1.20055225 -1.01887373 -0.98924749 -1.26932413 -1.1497229
 -1.13371699 -0.84846859 -1.00811419 -0.49222995 -0.90604362 -0.8361542
 -0.81811918 -0.7672109  -0.87508035 -0.9408308  -0.69093115 -0.73223905
 -0.84243683 -0.71259257 -0.56929774 -1.09410582 -0.86794814 -1.0220402
 -0.95079841 -0.76755725 -0.63839502 -0.70303272 -0.64789904 -0.90213302
 -0.78937469 -0.98472574 -1.14979343 -1.06742564 -0.61571798 -0.44523989
 -1.05087293 -0.80059629 -1.10739519 -0.90930693 -0.66966846 -0.75376403
 -0.93189674 -0.71639374 -0.84052788 -0.6337621  -0.96306321 -0.47098601
 -0.81231819 -0.66457071 -1.08500745 -1.03440545 -0.71091027 -0.46465684
 -0.92154911 -0.56192662 -0.8527524  -1.0277718  -0.89022734 -0.75092874
 -0.77480332 -0.80332009 -1.05563017 -1.1775746  -0.77114693 -0.52248092
 -0.96752703 -0.61438644 -0.51600059 -1.22583051 -0.74526492 -0.83807964
 -0.57998697 -0.94625472 -0.96140706 -0.58466681 -0.90508407 -0.91873711
 -0.95220714 -0.63649965 -0.40880568 -0.87064218 -0.80666089 -0.63374614
 -0.91690513 -1.06958989 -0.67499114 -0.68483266 -0.88509311 -0.94337058
 -0.50543304 -1.0911677  -0.86881584 -0.96543289 -0.67926998 -0.53608552
 -0.72024855 -1.12491688 -0.93964254 -0.9827013  -0.9021433  -0.50241786
 -1.17754645 -0.47064527 -0.9370604  -0.98114135 -1.05254014 -0.74280775
 -0.66124023 -0.42879599 -1.05919169 -0.87403045 -0.63895205 -0.79585739
 -0.71992162 -1.06563292 -1.06612801 -1.14785262 -0.96111282 -0.8541592
 -0.47187619 -0.69731251 -0.5687916  -0.90857033 -0.66919165 -0.74872313
 -1.75772186 -0.6473765  -1.10006338 -0.79819723 -0.89213084 -0.83639415
 -0.77723365 -0.91910325 -0.86421907 -0.91347664 -0.81777755 -0.70769213
 -0.94998835 -0.72151895 -0.9583747  -0.78444121 -0.707028   -0.82228689
 -0.74206316 -0.76244379 -0.74156939 -0.79676265 -0.74468382 -0.76429215
 -1.25306977 -0.67910707 -0.94053537 -0.89981499 -1.16928822 -0.68272192
 -1.03895811 -1.0695278  -0.93362319 -0.98355532 -0.76000652 -0.68734686
 -0.60865461 -1.08293733 -0.78254865 -0.61372135 -0.38018314 -0.95830575
 -0.88321187 -0.7385134  -0.8334767  -0.98602919 -0.87947379 -0.59170907
 -1.12354988 -0.65975371 -0.79485684 -0.55096349 -0.74363162 -0.69871091
 -1.11771129 -0.84650206 -0.81460523 -1.2153225  -0.44154564 -0.70298486
 -0.90842613 -0.8137282  -1.17362931 -0.6756494  -0.3911775  -0.84350997
 -0.63274828 -0.77313397 -0.7159747  -0.58776788 -0.94020139 -0.82047757
 -1.09685263 -0.95255559 -1.02484096 -0.83024195 -0.38464424 -1.07144841
 -1.03592297 -0.75108462 -1.29646552 -1.26493918 -1.2885672  -1.28077708
 -1.2987457  -1.37105494 -1.17476347 -1.27227476 -1.30867418 -1.32936287
 -1.19009533 -1.1993076  -1.24006263 -1.22109384 -1.21777141 -1.226813
 -1.20614118 -1.30626363 -1.20062214 -1.1430781  -1.25014029 -1.1811912
 -1.24044068 -1.18105363 -1.29322604 -1.26895375 -1.22660177 -1.19411047
 -1.25777558 -1.11903008 -1.1384293  -1.19652097 -1.2239307  -1.32804104
 -1.4017324  -1.54602971 -1.37728013 -1.32037432 -1.30585013 -0.8758173
 -0.83053289 -0.7605474  -1.03241807 -0.76423123 -0.82751134 -0.7264251
 -1.12832624 -0.42546503 -1.04887843 -1.1906885  -0.74543748 -0.84266846
 -0.40883001 -0.93177816 -1.09149971 -0.55751833 -0.68079737 -0.78762729
 -0.84786922 -0.58597677 -0.60992682 -0.46988926 -1.23447567 -0.80289745
 -0.9365086  -0.84938478 -1.0695374  -0.95321731 -1.02733661 -1.21481778
 -0.67087598 -0.76850743 -1.11462746 -0.63593846 -0.76887682 -0.55586134
 -1.50074548 -1.34043722 -1.11739216 -0.97504276 -0.70940799 -1.14925129
 -0.94841062 -0.99719124 -1.40729017 -1.04140696 -0.57380267 -0.58124134
 -0.72189057 -0.89384805 -1.26533512 -1.08221021 -1.01685927 -0.51697218
 -0.73071907 -0.70008467 -0.57109093 -1.12633034 -1.14476907 -0.9560668
 -0.66746597 -1.02764451 -1.00751027 -0.87101949 -1.5538367  -0.46763756
 -1.344008   -1.67542582 -1.09146728 -0.9181181  -0.78434145 -1.21437814
 -1.02972495 -0.8212567  -1.41045824 -1.27726383 -0.77443936 -0.98487292
 -0.87201814 -0.94966918 -0.98783725 -1.34350132 -1.32626166 -1.28779228
 -1.32778354 -1.26018042]"
GSE185263,SeptiCyte,"[1 1 1 1 1 1 1 1 1 1 1 1 1 1 1 1 1 1 1 1 1 1 1 1 1 1 1 1 1 1 1 1 1 1 1 1 1
 1 1 1 1 1 1 1 1 1 1 1 1 1 1 1 1 1 1 1 1 1 1 1 1 1 1 1 1 1 1 1 1 1 1 1 1 1
 1 1 1 1 1 1 1 1 1 1 1 1 1 1 1 1 1 1 1 1 1 1 1 1 1 1 1 1 1 1 1 1 1 1 1 1 1
 1 1 1 1 1 1 1 1 1 1 1 1 1 1 1 1 1 1 1 1 1 1 1 1 1 1 1 1 1 1 1 1 1 1 1 1 1
 1 1 1 1 1 1 1 1 1 1 1 1 1 1 1 1 1 1 1 1 1 1 1 1 1 1 1 1 1 1 1 1 1 1 1 1 1
 1 1 1 1 1 1 1 1 1 1 1 1 1 1 1 1 1 1 1 1 1 1 1 1 1 1 1 1 1 1 1 1 1 1 1 1 1
 1 1 1 1 1 1 1 1 1 1 1 1 1 1 1 1 1 1 1 1 1 1 1 1 1 1 1 1 1 1 1 1 1 1 1 1 1
 1 1 1 1 1 1 1 0 0 0 0 0 0 0 0 0 0 0 0 0 0 0 0 0 0 0 0 0 0 0 0 0 0 0 0 0 0
 0 0 0 0 0 0 0 0 0 1 1 1 1 1 1 1 1 1 1 1 1 1 1 1 1 1 1 1 1 1 1 1 1 1 1 1 1
 1 1 1 1 1 1 1 1 1 1 1 1 1 1 1 1 1 1 1 1 1 1 1 1 1 1 1 1 1 1 1 1 1 1 1 1 1
 1 1 1 1 1 1 1 1 1 1 1 1 1 1 1 1 1 0 0 0 0 0]","[1.49011593e+01 2.09158463e+01 3.15554270e+01 1.09151620e+01
 1.64169569e+01 1.00000000e+05 2.71491089e+01 4.31608255e+01
 8.86634351e+01 1.31324452e+01 5.21043979e+01 2.18896561e+01
 2.15262766e+00 2.82861233e+01 1.74459794e+01 1.96921564e+00
 1.55583910e+01 3.31967716e+00 3.82297462e+01 6.33307697e+00
 1.31818856e+00 5.32584903e+00 3.33138021e+00 6.60066722e+00
 4.63735844e+00 2.20716563e+00 1.08952547e+01 2.50103965e+02
 4.37070055e+01 7.79986229e+00 2.40056444e+00 1.05961376e+01
 4.72845499e+01 2.11444796e+00 1.10737531e+01 1.78910439e+01
 2.12710540e+01 6.17075456e+00 6.43222951e+01 3.85644464e+01
 2.34778212e+01 4.21111522e+01 9.05465637e+01 1.12630405e+01
 7.78351532e+01 2.14335648e+01 3.04325038e+02 1.12052476e+01
 8.53991675e+01 1.00634367e+01 3.25296416e+01 7.40583908e+01
 3.86261683e+01 3.64104282e+01 2.57424469e+01 1.35771744e+02
 5.34395143e+00 1.06398585e+02 5.32375134e+01 9.33022577e+00
 3.48397972e+01 1.38009734e+02 5.67620117e+01 5.07185471e+01
 2.25253835e+02 1.95451589e+02 1.74507651e+01 7.01379175e-01
 6.33586300e+00 5.84673965e+01 7.93262264e+00 2.52033282e+01
 2.05615567e+00 3.89583108e+00 2.99980777e+00 1.07786510e+01
 8.14706813e+00 4.15564926e+00 1.63647415e+00 9.14124724e+00
 8.62626801e+00 5.27301252e+00 1.54943656e+01 2.18664062e+00
 3.64282689e+00 2.37633847e+00 1.20585437e+01 1.27863048e+01
 1.24590079e+01 1.18009635e+01 6.97984230e+00 4.61694541e+00
 6.34783186e+00 6.48224166e+00 1.70219255e+00 1.55412782e+02
 8.06858810e+00 6.21366861e+01 5.34144777e+00 2.06219694e+01
 1.52256883e+01 2.56498726e+01 3.49642216e+00 6.24786253e+00
 1.75069079e+01 1.03365123e+01 1.14926002e+01 2.33393676e+01
 6.52566496e+00 9.23705176e+02 1.68858804e+01 8.26444510e+00
 6.58895285e+01 1.01643944e+02 3.76696135e+00 1.12539563e+01
 2.41100242e+01 5.39095890e+00 2.99772179e+00 5.43972510e+01
 7.52529679e+01 1.33595637e+01 4.94268550e+00 2.37777890e+00
 4.01824413e+00 1.17589167e+01 3.47709286e+01 2.26314932e+01
 4.31375075e+00 6.09205577e+00 1.28091117e+01 4.51613110e+00
 1.27080795e+01 1.33277878e+01 3.35677960e+00 4.56947466e+01
 7.02778632e+00 6.72869684e+00 3.06506608e+00 7.35069444e+00
 3.10185223e+02 2.81487299e+01 5.41507771e+01 5.94963051e+01
 2.64979717e+01 2.85648269e+00 9.06070282e+00 1.87069346e+01
 1.13654252e+01 9.12783918e+01 1.86467821e+01 7.48678710e+00
 8.12691412e+00 2.19399314e+01 1.83217715e+02 4.86973019e+02
 1.29789628e+01 5.34261043e+00 8.79341538e+00 2.12023545e+01
 7.46762984e+00 3.86065731e+01 4.83024766e+01 1.02982884e+01
 3.98745709e+00 4.66472493e+00 2.66979070e+01 6.05608764e+01
 1.03528905e+01 1.39128433e+01 1.02644718e+01 2.97080908e+01
 5.10687005e+01 3.31964059e+01 7.91795335e-01 2.89604401e-01
 1.50788713e+00 1.66164434e+01 5.96815973e+00 1.10478291e+01
 1.46005919e+01 2.23357622e+02 1.98539272e+01 1.04491945e+00
 9.77839041e+00 1.70512014e+01 4.97577522e+01 1.45256452e+01
 1.36160642e+01 9.19906372e+01 1.13780690e+01 5.32101502e+01
 1.26328663e+01 2.46201854e+01 1.22594894e+01 1.29106768e+01
 2.10481915e+01 1.13702134e+01 9.83544813e+00 1.66957852e+01
 9.02147934e+01 9.36859974e+00 1.73227133e+00 8.40766846e+00
 1.56318559e+02 2.98820414e+01 4.25297893e+01 1.87720460e+01
 1.66751252e+01 4.85174005e+01 5.86213785e+00 3.80595149e+01
 9.01040657e+01 6.21175230e+01 1.32862960e+00 7.12292488e+01
 1.61850932e+01 5.02339879e+00 6.12048249e+00 4.60363066e+01
 2.56760799e+01 8.21846278e+00 2.73915297e+01 3.64153667e+01
 1.75772654e+01 5.49907009e+00 3.84228142e+01 1.54036194e+01
 2.18103983e+01 4.01242718e+01 2.83333498e+02 6.04742880e+00
 1.33523638e+02 9.98482472e+00 2.95064297e+00 5.22772989e+00
 6.23519887e+01 1.87081205e+01 3.60986382e+00 6.77741032e+01
 1.58398772e+02 4.43574652e+00 3.15944711e+00 7.00829160e-01
 3.13611607e+02 9.12609046e+00 2.61735564e+00 3.11069400e+01
 9.14196249e-01 1.53306523e+02 5.90099985e+02 1.46333223e+01
 5.60010335e+01 6.30522430e+01 1.26340045e+02 2.73938179e+01
 3.64139948e+01 2.08538341e+00 1.00000000e+05 2.65706679e+01
 1.42674183e+01 2.22384805e+01 3.23001428e+02 2.30437197e+00
 1.05682144e+01 2.98762702e+01 7.65795993e+00 6.90550600e+00
 7.12422499e+00 1.44540994e+01 6.72753041e+00 1.56732230e+01
 5.12261090e+00 4.80675280e+00 8.03734875e+00 2.34084801e+00
 1.51136617e+01 1.01426757e+01 2.48107997e+00 5.63952530e+00
 2.83249446e+01 3.77414138e+00 2.02705589e+01 2.80885654e+00
 2.14769593e+01 1.36587467e+01 1.16261091e+01 2.21694322e+01
 4.88251686e+00 8.26785929e+00 1.51349711e+01 3.63837309e+00
 5.32452822e+00 1.63068487e+01 1.94384709e+01 3.72026503e+00
 9.86998719e+00 9.30822965e+00 1.29145917e+01 1.02222729e+01
 6.30013448e+00 1.52903060e+00 4.42214349e+00 4.38510449e+00
 3.74425157e+01 3.35042950e+01 7.11315891e+00 9.34741705e-01
 2.25315305e-01 9.29591091e+01 1.37873069e+02 1.13566781e+02
 4.09202609e+00 4.69036443e+02 7.39485378e+01 1.57023093e+01
 5.43332772e+00 9.03139800e+00 2.22375854e+02 1.02375534e+00
 1.48275603e+00 1.59022800e+01 1.19617129e+02 4.69563502e+01
 1.63495618e+01 1.87922378e+01 1.02484126e+02 1.10716981e+02
 7.93109547e-01 5.18226386e+01 9.75843165e+00 1.02396574e+01
 8.66291024e+00 1.72045765e+00 1.85607772e+00 9.58931170e+00
 1.07329016e+02 7.49905797e+02 2.47970043e+00 8.74400018e+00
 2.92331402e+01 1.44824652e+02 1.55543719e+00 7.08904182e-01
 1.31731049e+00 9.77201194e+00 3.11773215e+01 9.92581078e-01
 9.79346642e-01 1.06024697e+01 8.34341996e-01 1.09661959e+01
 3.45114704e+02 6.13495267e+02 3.15217540e+01 7.78685612e+01
 8.46090151e+00 4.27717369e+00 9.52960937e+00 9.03346142e+01
 8.59004532e+01 6.84093350e+00 3.05893924e+02 4.87616626e+00
 1.20859675e+01 5.89978435e+00 5.80832849e+01 1.55978535e+01
 1.68882443e+01 3.92400320e-01 5.94732679e+01 7.58594587e+01
 5.77558138e-01 4.07717863e+00 1.75334776e+01 1.32694256e+01
 1.03858762e+01 8.08891473e+00 2.66144300e-01 2.17059772e+01
 8.61484446e-01 5.33484486e-01 2.57169413e+01 3.76918954e+00
 7.18871030e+00 2.12354847e+01 1.81002920e+01 5.06209902e+00
 2.84443131e+00 1.67800636e+00 3.75383735e+00 6.87975585e+00]"
GSE185263,sNIP,"[1 1 1 1 1 1 1 1 1 1 1 1 1 1 1 1 1 1 1 1 1 1 1 1 1 1 1 1 1 1 1 1 1 1 1 1 1
 1 1 1 1 1 1 1 1 1 1 1 1 1 1 1 1 1 1 1 1 1 1 1 1 1 1 1 1 1 1 1 1 1 1 1 1 1
 1 1 1 1 1 1 1 1 1 1 1 1 1 1 1 1 1 1 1 1 1 1 1 1 1 1 1 1 1 1 1 1 1 1 1 1 1
 1 1 1 1 1 1 1 1 1 1 1 1 1 1 1 1 1 1 1 1 1 1 1 1 1 1 1 1 1 1 1 1 1 1 1 1 1
 1 1 1 1 1 1 1 1 1 1 1 1 1 1 1 1 1 1 1 1 1 1 1 1 1 1 1 1 1 1 1 1 1 1 1 1 1
 1 1 1 1 1 1 1 1 1 1 1 1 1 1 1 1 1 1 1 1 1 1 1 1 1 1 1 1 1 1 1 1 1 1 1 1 1
 1 1 1 1 1 1 1 1 1 1 1 1 1 1 1 1 1 1 1 1 1 1 1 1 1 1 1 1 1 1 1 1 1 1 1 1 1
 1 1 1 1 1 1 1 0 0 0 0 0 0 0 0 0 0 0 0 0 0 0 0 0 0 0 0 0 0 0 0 0 0 0 0 0 0
 0 0 0 0 0 0 0 0 0 1 1 1 1 1 1 1 1 1 1 1 1 1 1 1 1 1 1 1 1 1 1 1 1 1 1 1 1
 1 1 1 1 1 1 1 1 1 1 1 1 1 1 1 1 1 1 1 1 1 1 1 1 1 1 1 1 1 1 1 1 1 1 1 1 1
 1 1 1 1 1 1 1 1 1 1 1 1 1 1 1 1 1 0 0 0 0 0]","[-2.79069958e-01 -1.28192892e-01 -1.65492124e-02 -7.69610605e-01
 -2.45885107e-01 -9.33666584e-02 -2.28450755e-01 -3.46365965e-02
  1.25580219e-02 -5.48347338e-01 -3.30835792e-02 -2.13994414e-01
 -4.00508779e-01 -1.82892969e-02 -5.63959415e-02 -4.75838850e-01
 -1.16627013e-01 -7.67083117e-01 -2.06185471e-01 -1.67955180e-01
 -8.94561730e-01 -1.51995993e+00 -5.24888308e-01 -4.26270236e-01
 -4.88777515e-01 -1.53139842e+00 -9.39017627e-02  2.47525695e-02
 -2.61884487e-01 -7.80189956e-01 -9.53487796e-01 -5.68135037e-01
 -9.79817197e-02 -1.39087434e+00 -7.53694801e-01 -6.14958961e-01
 -5.73436184e-02 -3.54427648e-01 -4.45549619e-01 -1.77237617e-01
 -1.01877016e-01 -1.88782479e-01 -2.98150859e-02 -1.63617397e-01
 -2.54884073e-01 -1.52033751e-01 -1.11895763e-01 -4.18104751e-01
 -4.98003370e-02 -4.85151767e-01 -1.40742773e-01 -3.95234934e-01
 -3.30194262e-01 -1.35183072e-01 -1.99805732e-01 -1.33447157e-01
 -1.32122189e+00 -2.34692663e-01 -1.55964644e-01 -7.22754313e-01
 -1.27689282e-01 -2.76772613e-01 -8.95535614e-02 -9.51852745e-02
 -2.91455366e-01 -6.96791114e-01 -2.72086218e-01 -1.13097454e+00
 -3.83455293e-01 -6.01035744e-02 -1.56364483e-01 -1.76172638e-01
 -2.48806578e-01 -4.63504872e-01 -4.59986204e-01 -7.92445568e-01
 -2.32978804e-01 -2.89736646e-01 -2.82390917e-01 -1.25173595e-01
 -1.31096680e-01 -2.36924129e-01 -2.87069851e-01 -6.61151035e-01
 -4.66556978e-01 -3.13532389e-01 -1.98805781e-01 -5.85266911e-02
 -5.60482739e-02 -1.77379379e-01 -2.20774979e-01 -2.68142611e-01
 -8.85394232e-01 -5.89069978e-01 -2.02729750e-01  2.81733369e-02
 -1.65289213e-01 -7.47253284e-02 -4.92973225e-01 -1.12490383e-02
 -1.62177147e-01 -2.32740671e-01 -5.50919999e-01 -1.97574992e-01
 -2.62270100e-03 -1.12584631e-02 -1.65831727e-01 -9.39785062e-02
 -4.28876163e-01 -4.14786623e-02 -4.30429819e-01 -2.23283403e-01
 -3.98869790e-02 -8.56981734e-03 -2.77372570e-01  7.82601679e-03
 -8.08606741e-02 -1.66012749e+00 -5.80792239e-01 -1.47045140e-01
 -4.35007287e-02 -1.67357649e-01 -3.55583733e-01 -8.27630639e-01
 -1.70365327e-01 -1.04586472e-02 -1.32062268e-01  6.28710350e-02
 -4.58334817e-02 -3.83364753e-01 -1.03663320e-01 -1.83240994e-01
 -7.51182687e-02 -6.23181616e-02 -4.05024037e-01 -8.36252702e-03
 -5.90789318e-01 -1.30102424e-01 -3.07570329e-01 -2.88998446e-01
  2.65743723e-02 -7.75591157e-03 -6.80507767e-02 -2.19571097e-02
 -4.93799824e-01 -1.40536315e+00 -2.15390464e-01 -6.99709981e-02
 -3.11158530e-01 -1.81694633e-01 -1.12143195e-02 -6.03026802e-01
 -5.04691012e-01 -2.72449760e-01 -4.53971787e-02  1.43059792e-02
 -7.94016110e-02 -2.80768330e+00 -9.56299567e-01 -2.01479462e-01
 -3.96610717e-01 -4.76154268e-02 -3.04547186e-01 -6.71492646e-02
 -2.59682997e-01 -4.51073134e-01 -1.24901635e-01 -2.51009977e-01
 -5.20078693e-02 -3.55803943e-02 -4.76099674e-01 -3.38868439e-01
 -4.43753045e-02 -1.66942088e-01 -1.29120710e+00 -2.51228798e+00
 -1.72250235e+00 -5.87573911e-01 -5.54309312e-01 -1.05053444e-01
  6.92947049e-03 -2.66207191e-02 -7.88772009e-02 -4.44491694e-01
 -1.39001394e-01 -5.96284378e-02  3.13684075e-01 -2.95731052e-01
 -4.60835077e-01 -1.93344982e-01 -2.05388335e-01 -1.02192548e-01
 -9.41089122e-02 -2.05191539e-01 -3.04497356e-01 -6.53381998e-01
 -1.81235038e-01 -2.53681778e-01 -6.00212926e-01 -2.02807755e-01
 -1.10970384e-01 -4.42807896e-01 -7.32130641e-01 -3.47686633e-01
 -1.72217413e-02 -1.10026292e-01 -8.70331190e-02 -1.51662713e-01
 -7.29473960e-02 -2.39240480e-02 -8.83561312e-01 -8.08324482e-02
  3.69526557e-02 -2.60688216e-01 -1.66214797e+00 -1.65942795e-02
 -2.12998817e-01 -3.68061405e-01 -3.64934717e-01 -1.88868233e-01
 -6.54321415e-02 -7.44116561e-01 -1.51942848e-02 -1.26488568e-01
 -1.03503694e-01 -5.91237052e-02 -5.07277548e-02 -2.06408590e-01
 -2.16276311e-01 -4.80262818e-02 -1.87532877e-02 -5.99735480e-01
 -9.72573729e-02 -9.78661012e-02 -1.07976151e+00 -1.05102429e-01
 -1.57083671e-01 -1.30434842e-01 -1.52647289e-01 -5.87908810e-03
 -7.50816450e-02 -3.98951339e-01 -2.93656096e-01 -2.85797644e+00
  8.77464620e-02 -6.83463177e-01 -7.54731722e-01 -8.86533102e-02
 -2.00182174e+00 -1.79251378e-01 -1.34103966e-02 -1.22525189e-01
 -6.40066219e-02 -5.46160336e-01 -7.24248179e-02 -1.49365840e-01
 -3.25220388e-01 -2.93676442e-01 -5.63577369e-01 -1.02445008e-01
 -3.34096533e-01 -9.58565189e-02  3.64275343e-02 -7.39816036e-01
 -2.76959174e-01 -1.25846826e-01 -1.30846826e+00 -9.26377845e-01
 -1.45943563e+00 -9.88213140e-01 -1.43387257e+00 -1.53660513e+00
 -6.87236739e-01 -8.98434161e-01 -1.15585039e+00 -1.78338606e+00
 -3.83024802e-01 -3.71340714e-01 -1.75074674e+00 -8.08755963e-01
 -5.38326149e-01 -1.28453397e+00 -9.12274673e-01 -1.39676975e+00
 -4.82924305e-01 -4.76387421e-01 -1.13149635e+00 -9.55041409e-01
 -1.27156630e+00 -7.38580109e-01 -9.62237623e-01 -1.72022221e+00
 -1.32709370e+00 -9.61638924e-01 -1.13419051e+00 -7.59336314e-01
 -5.33440204e-01 -8.89964946e-01 -8.06404492e-01 -1.25392580e+00
 -1.18945450e+00 -3.14777733e+00 -1.60473770e+00 -1.10768636e+00
 -8.10092610e-01 -2.66107050e-01 -6.71075724e-01 -1.93641589e-01
 -1.78788601e+00 -4.79420026e-01 -2.43072161e-01 -4.12829329e-03
 -7.70868718e-01  3.36173843e-02 -2.61734187e-01 -1.11524992e+00
 -1.45198117e-01 -3.24054399e-01  2.10666430e-02 -1.76596146e+00
 -1.34400213e+00 -1.49151768e-01 -4.01040188e-03 -1.63339254e-01
 -4.24881720e-01 -1.29376014e-01  2.32011269e-02 -4.82159571e-04
 -3.28761282e+00  6.33555868e-02 -5.27917564e-01 -2.86162812e-01
 -7.43514523e-01 -1.95583467e+00 -8.50692108e-01 -7.56244834e-01
 -1.11092381e-01  1.79612283e-01 -7.98410696e-01 -6.57409383e-01
 -4.01805225e-01 -7.78060298e-03 -4.79612855e+00 -4.25126656e+00
 -2.61834076e+00 -3.50505757e-01 -1.41071600e-01 -1.03064141e+00
 -1.25257680e+00 -8.56359902e-01 -6.49684067e+00 -3.51017377e-01
 -2.60185854e-02  3.24356896e-02 -1.62855026e-01 -3.15693622e-01
 -1.50669798e+00 -8.09323061e-01 -2.67887934e+00 -7.31938773e-02
 -1.02575470e-01 -1.73749088e-02  4.48966652e-02 -1.19633575e+00
 -6.58400784e-01 -9.52575538e-01  6.81921731e-02 -1.43401210e+00
 -5.71018683e-01 -1.21712781e+00 -2.79893987e-01 -1.19147327e-01
 -4.72516461e+00 -1.19825674e+01 -5.21126493e-01 -5.35262890e-01
 -1.87830988e-01 -3.47624330e+00 -4.89785643e+00 -3.53100497e-01
 -2.90456250e+00 -3.68358615e+00 -2.45074751e-01 -2.22531271e-01
 -1.05540542e+00 -4.65969823e-01 -5.00854511e-01 -1.77148139e+00
 -1.88621093e+00 -1.87875821e+00 -1.86913798e+00 -1.18596839e+00]"
GSE4607,CaT,"[0, 0, 0, 0, 0, 0, 0, 0, 0, 0, 0, 0, 0, 0, 0, 1, 1, 1, 1, 1, 1, 1, 1, 1, 1, 1, 1, 1, 1, 1, 1, 1, 1, 1, 1, 1, 1, 1, 1, 1, 1, 1, 1, 1, 1, 1, 1, 1, 1, 1, 1, 1, 1, 1, 1, 1, 1, 1, 1, 1, 1, 1, 1, 1, 1, 1, 1, 1, 1, 1, 1, 1, 1, 1, 1, 1, 1, 1, 1, 1, 1, 1, 1, 1, 1, 1, 1, 1, 1, 1, 1, 1, 1, 1, 1, 1, 1, 1, 1, 1, 1, 1, 1, 1, 1, 1, 1, 1, 1, 1, 1, 1, 1, 1, 1, 1, 1, 1, 1, 1, 1, 1, 1]","[0.016467458, 0.00610318, 0.017789328, 0.008801416, 0.4997876, 0.0011784829, 0.01065804, 0.11198494, 0.009553397, 0.03942495, 0.0006368804, 0.0021095371, 0.0004300044, 0.0004398769, 0.013340352, 0.9995735, 0.99969923, 0.998722, 0.9996939, 0.98708946, 0.9996306, 0.9779912, 0.9991881, 0.99949515, 0.99972695, 0.9997271, 0.9980775, 0.9995759, 0.9973912, 0.9995284, 0.99864393, 0.9228872, 0.99942756, 0.9493439, 0.986521, 0.9993637, 0.8922378, 0.99433386, 0.9993174, 0.99965453, 0.9997806, 0.8581474, 0.99972767, 0.9997495, 0.99656373, 0.9990711, 0.9974172, 0.9896429, 0.9996495, 0.9992828, 0.9991658, 0.9996575, 0.99939513, 0.9995815, 0.99856734, 0.9927878, 0.9937046, 0.96122557, 0.9996736, 0.8911649, 0.96609014, 0.9985379, 0.99899346, 0.999534, 0.9993556, 0.99280965, 0.9973635, 0.99937207, 0.9995989, 0.999605, 0.9798978, 0.9862083, 0.074522614, 0.98929054, 0.9717389, 0.99271727, 0.96708196, 0.98395556, 0.99791974, 0.75905114, 0.99590945, 0.9950177, 0.92263913, 0.99307996, 0.0006707981, 0.99957794, 0.99958307, 0.99924374, 0.99963033, 0.9967986, 0.9984688, 0.99957186, 0.98569566, 0.99050856, 0.9972114, 0.99117154, 0.95940185, 0.999038, 0.99958414, 0.026565535, 0.93246186, 0.99957997, 0.99225605, 0.9953068, 0.59542054, 0.98289317, 0.9991346, 0.9475636, 0.9992204, 0.9996208, 0.9966875, 0.9978961, 0.9966714, 0.99954623, 0.9990773, 0.9934104, 0.31325856, 0.5970572, 0.9997073, 0.9905799, 0.98924327, 0.99902546, 0.9989003]"
GSE8121,CaT,"[0, 0, 0, 0, 0, 0, 0, 0, 0, 0, 0, 0, 0, 0, 0, 1, 1, 1, 1, 1, 1, 1, 1, 1, 1, 1, 1, 1, 1, 1, 1, 1, 1, 1, 1, 1, 1, 1, 1, 1, 1, 1, 1, 1, 1, 1, 1, 1, 1, 1, 1, 1, 1, 1, 1, 1, 1, 1, 1, 1, 1, 1, 1, 1, 1, 1, 1, 1, 1, 1, 1, 1, 1, 1, 1]","[0.027734289, 0.026934873, 0.027492005, 0.028017906, 0.057709724, 0.026484566, 0.036815204, 0.03256067, 0.0241404, 0.029710878, 0.026338808, 0.031166565, 0.017473958, 0.017691728, 0.035105973, 0.9999858, 0.99998474, 0.94784397, 0.9997172, 0.048818007, 0.9994873, 0.9999881, 0.70579356, 0.99210525, 0.99990416, 0.13371061, 0.96941704, 0.20212068, 0.03778528, 0.19342183, 0.99997103, 0.9921113, 0.8230145, 0.99998176, 0.97104406, 0.9996253, 0.04485542, 0.19762698, 0.9997267, 0.9961235, 0.06552012, 0.13306835, 0.32055205, 0.17238055, 0.61904126, 0.99980706, 0.9998909, 0.6017469, 0.9999192, 0.040155932, 0.99928623, 0.9999869, 0.9174647, 0.0678117, 0.9988657, 0.53452075, 0.8216038, 0.034661468, 0.9999232, 0.029605797, 0.99240524, 0.8684751, 0.99995756, 0.9997718, 0.25774357, 0.9999218, 0.04946033, 0.4089746, 0.9998155, 0.043854047, 0.0818245, 0.06131667, 0.035499822, 0.51995325, 0.23430558]"
GSE9692,CaT,"[1, 1, 1, 1, 1, 1, 1, 1, 1, 1, 1, 1, 1, 1, 1, 1, 1, 1, 1, 1, 1, 0, 0, 0, 0, 0, 0, 0, 0, 0, 0, 0, 1, 1, 1, 1, 1, 1, 1, 1, 0, 0, 0, 0, 1]","[0.12570997, 0.06175387, 0.9999795, 0.9720444, 0.93618447, 0.19832636, 0.999964, 0.017224, 0.24136662, 0.20318224, 0.99990773, 0.99919933, 0.99873024, 0.952095, 0.9614793, 0.9998416, 0.9999646, 0.8847507, 0.99999475, 0.9353761, 0.99784863, 0.03305373, 0.017474107, 0.016642457, 0.030428758, 0.02663802, 0.030759666, 0.023690771, 0.03266268, 0.03815061, 0.027782565, 0.06420002, 0.06171262, 0.99814963, 0.10828466, 0.92333263, 0.99984753, 0.22115374, 0.17001225, 0.96229684, 0.028207447, 0.02712301, 0.026960311, 0.027348911, 0.12652119]"
GSE13904,CaT,"[0, 0, 0, 0, 0, 0, 0, 0, 0, 0, 0, 0, 0, 0, 0, 0, 0, 0, 1, 1, 1, 1, 1, 1, 1, 1, 1, 1, 1, 1, 1, 1, 1, 1, 1, 1, 1, 1, 1, 1, 1, 1, 1, 1, 1, 1, 1, 1, 1, 1, 1, 1, 1, 1, 1, 1, 1, 1, 1, 1, 1, 1, 1, 1, 1, 1, 1, 1, 1, 1]","[0.02897917, 0.03248768, 0.022747518, 0.03296969, 0.017852617, 0.015972195, 0.031297673, 0.027456637, 0.031796586, 0.02435546, 0.032333013, 0.03579205, 0.027399067, 0.078829974, 0.027451253, 0.02922976, 0.028344179, 0.028335247, 0.24886695, 0.99998283, 0.88472736, 0.9851112, 0.06893132, 0.99964, 0.5504963, 0.9998758, 0.9990472, 0.11241871, 0.2787452, 0.10000828, 0.07781376, 0.95643747, 0.84769773, 0.65658414, 0.93043876, 0.93744975, 0.39358696, 0.9974261, 0.05789746, 0.061856437, 0.4806724, 0.99636805, 0.2717259, 0.050176196, 0.8966392, 0.99996984, 0.077600844, 0.8908468, 0.015486888, 0.9999939, 0.07812349, 0.03759289, 0.7586764, 0.061229944, 0.5911497, 0.8407848, 0.044759564, 0.039690323, 0.9952383, 0.931669, 0.9994128, 0.065798536, 0.034399737, 0.9978179, 0.055519123, 0.03965401, 0.32171482, 0.9951391, 0.020354683, 0.039237514]"
GSE26378,CaT,"[1, 1, 1, 1, 1, 1, 1, 1, 1, 1, 1, 1, 1, 0, 0, 0, 0, 0, 1, 1, 1, 1, 1, 1, 1, 1, 1, 1, 1, 1, 0, 0, 0, 0, 0, 0, 1, 1, 1, 1, 1, 1, 1, 1, 1, 1, 1, 1, 1, 1, 1, 1, 1, 1, 0, 1, 1, 1, 1, 1, 1, 1, 1, 0, 1, 1, 1, 1, 1, 1, 1, 1, 1, 1, 1, 1, 1, 0, 0, 1, 1, 1, 1, 1, 1, 0, 0, 1, 0, 0, 0, 0, 1, 1, 1, 1, 1, 1, 1, 1, 1, 1, 1]","[0.9984535, 0.9901484, 0.99950695, 0.98993987, 0.9993938, 0.9964786, 0.9118617, 0.9968213, 0.33413365, 0.9997137, 0.99945563, 0.9595959, 0.99951744, 0.004878292, 0.036916543, 0.0007377635, 0.01096996, 0.10599537, 0.9994462, 0.9471779, 0.99271774, 0.99610484, 0.997077, 0.99618137, 0.99817264, 0.9935174, 0.99134773, 0.99715614, 0.99873096, 0.9990983, 0.017776985, 0.002000658, 0.009515688, 0.0005942363, 0.017279062, 0.10573017, 0.9993789, 0.998078, 0.99919266, 0.999308, 0.99728274, 0.8705141, 0.9981337, 0.9990395, 0.940362, 0.9952755, 0.99792635, 0.998071, 0.9994301, 0.9989428, 0.98992413, 0.99795294, 0.9619348, 0.8290463, 0.0065231547, 0.94429034, 0.9974638, 0.99839044, 0.9988136, 0.9982926, 0.96383744, 0.35790703, 0.9736182, 0.046452705, 0.9971831, 0.99705386, 0.99640095, 0.99901414, 0.94490963, 0.9861244, 0.99850094, 0.9952815, 0.99976414, 0.77971774, 0.9996278, 0.9989893, 0.98935217, 0.0062958687, 0.0070599434, 0.9996246, 0.999589, 0.42649364, 0.6277885, 0.9887476, 0.18561086, 0.0012372443, 0.27071512, 0.9991756, 0.009613392, 0.0032493519, 0.0020385387, 0.042986486, 0.9995939, 0.99925345, 0.9986356, 0.99935764, 0.96309614, 0.9994412, 0.99500245, 0.88712114, 0.7227566, 0.9990308, 0.98325825]"
GSE28750,CaT,"[1, 1, 1, 1, 1, 1, 1, 1, 1, 1, 0, 0, 0, 0, 0, 0, 0, 0, 0, 0, 0, 0, 0, 0, 0, 0, 0, 0, 0, 0]","[0.9786122, 0.97637355, 0.99970067, 0.9998741, 0.9997693, 0.9997254, 0.9998204, 0.99769455, 0.9994646, 0.99179286, 0.0532476, 0.28273997, 0.044870183, 0.0152662955, 0.14202623, 0.024792476, 0.0034144188, 0.4621517, 0.07821473, 0.268953, 0.04541375, 0.028797388, 0.005198474, 0.09213218, 0.06091629, 0.033960197, 0.0665708, 0.39079446, 0.1936343, 0.19186062]"
GSE4607,K-Nearest Neighbors,"[0, 0, 0, 0, 0, 0, 0, 0, 0, 0, 0, 0, 0, 0, 0, 1, 1, 1, 1, 1, 1, 1, 1, 1, 1, 1, 1, 1, 1, 1, 1, 1, 1, 1, 1, 1, 1, 1, 1, 1, 1, 1, 1, 1, 1, 1, 1, 1, 1, 1, 1, 1, 1, 1, 1, 1, 1, 1, 1, 1, 1, 1, 1, 1, 1, 1, 1, 1, 1, 1, 1, 1, 1, 1, 1, 1, 1, 1, 1, 1, 1, 1, 1, 1, 1, 1, 1, 1, 1, 1, 1, 1, 1, 1, 1, 1, 1, 1, 1, 1, 1, 1, 1, 1, 1, 1, 1, 1, 1, 1, 1, 1, 1, 1, 1, 1, 1, 1, 1, 1, 1, 1, 1]","[0, 0, 0, 0, 1, 0, 0, 0, 0, 0, 0, 0, 0, 0, 0, 1, 1, 1, 1, 1, 1, 1, 1, 1, 1, 1, 1, 1, 1, 1, 1, 1, 1, 0, 1, 1, 1, 1, 1, 1, 1, 1, 1, 1, 1, 1, 1, 1, 1, 1, 1, 1, 1, 1, 1, 0, 1, 1, 1, 0, 1, 1, 1, 1, 1, 1, 1, 1, 1, 1, 1, 1, 0, 1, 1, 1, 1, 1, 1, 1, 1, 1, 1, 1, 0, 1, 1, 1, 1, 1, 1, 1, 1, 1, 1, 1, 1, 1, 1, 0, 0, 1, 1, 1, 0, 1, 1, 1, 1, 1, 1, 1, 1, 1, 1, 1, 1, 0, 1, 1, 1, 1, 1]"
GSE8121,K-Nearest Neighbors,"[0, 0, 0, 0, 0, 0, 0, 0, 0, 0, 0, 0, 0, 0, 0, 1, 1, 1, 1, 1, 1, 1, 1, 1, 1, 1, 1, 1, 1, 1, 1, 1, 1, 1, 1, 1, 1, 1, 1, 1, 1, 1, 1, 1, 1, 1, 1, 1, 1, 1, 1, 1, 1, 1, 1, 1, 1, 1, 1, 1, 1, 1, 1, 1, 1, 1, 1, 1, 1, 1, 1, 1, 1, 1, 1]","[1, 1, 1, 1, 1, 1, 1, 1, 1, 1, 1, 1, 1, 1, 1, 1, 1, 1, 1, 1, 1, 1, 1, 1, 1, 1, 1, 1, 1, 1, 1, 1, 1, 1, 1, 1, 1, 1, 1, 1, 1, 1, 1, 1, 1, 1, 1, 1, 1, 1, 1, 1, 1, 1, 1, 1, 1, 1, 1, 1, 1, 1, 1, 1, 1, 1, 1, 1, 1, 1, 1, 1, 1, 1, 1]"
GSE9692,K-Nearest Neighbors,"[1, 1, 1, 1, 1, 1, 1, 1, 1, 1, 1, 1, 1, 1, 1, 1, 1, 1, 1, 1, 1, 0, 0, 0, 0, 0, 0, 0, 0, 0, 0, 0, 1, 1, 1, 1, 1, 1, 1, 1, 0, 0, 0, 0, 1]","[1, 1, 1, 1, 1, 1, 1, 1, 1, 1, 1, 1, 1, 1, 1, 1, 1, 1, 1, 1, 1, 1, 1, 1, 1, 1, 1, 1, 1, 1, 1, 1, 1, 1, 1, 1, 1, 1, 1, 1, 1, 1, 1, 1, 1]"
GSE13904,K-Nearest Neighbors,"[0, 0, 0, 0, 0, 0, 0, 0, 0, 0, 0, 0, 0, 0, 0, 0, 0, 0, 1, 1, 1, 1, 1, 1, 1, 1, 1, 1, 1, 1, 1, 1, 1, 1, 1, 1, 1, 1, 1, 1, 1, 1, 1, 1, 1, 1, 1, 1, 1, 1, 1, 1, 1, 1, 1, 1, 1, 1, 1, 1, 1, 1, 1, 1, 1, 1, 1, 1, 1, 1]","[1, 1, 1, 1, 1, 1, 1, 1, 1, 1, 1, 1, 1, 1, 1, 1, 1, 1, 1, 1, 1, 1, 1, 1, 1, 1, 1, 1, 1, 1, 1, 1, 1, 1, 1, 1, 1, 1, 1, 1, 1, 1, 1, 1, 1, 1, 1, 1, 1, 1, 1, 1, 1, 1, 1, 1, 1, 1, 1, 1, 1, 1, 1, 1, 1, 1, 1, 1, 1, 1]"
GSE26378,K-Nearest Neighbors,"[1, 1, 1, 1, 1, 1, 1, 1, 1, 1, 1, 1, 1, 0, 0, 0, 0, 0, 1, 1, 1, 1, 1, 1, 1, 1, 1, 1, 1, 1, 0, 0, 0, 0, 0, 0, 1, 1, 1, 1, 1, 1, 1, 1, 1, 1, 1, 1, 1, 1, 1, 1, 1, 1, 0, 1, 1, 1, 1, 1, 1, 1, 1, 0, 1, 1, 1, 1, 1, 1, 1, 1, 1, 1, 1, 1, 1, 0, 0, 1, 1, 1, 1, 1, 1, 0, 0, 1, 0, 0, 0, 0, 1, 1, 1, 1, 1, 1, 1, 1, 1, 1, 1]","[1, 1, 1, 1, 1, 1, 1, 1, 0, 1, 1, 1, 1, 0, 0, 0, 0, 0, 1, 1, 1, 1, 1, 1, 1, 1, 1, 1, 1, 1, 0, 0, 0, 0, 0, 0, 1, 1, 1, 1, 1, 0, 1, 1, 1, 1, 1, 1, 1, 1, 1, 1, 1, 1, 0, 1, 1, 1, 1, 1, 1, 0, 0, 0, 1, 1, 1, 1, 1, 1, 1, 1, 1, 1, 1, 1, 1, 0, 0, 1, 1, 0, 1, 1, 0, 0, 1, 1, 0, 0, 0, 0, 1, 1, 1, 1, 1, 1, 1, 0, 1, 1, 1]"
GSE28750,K-Nearest Neighbors,"[1, 1, 1, 1, 1, 1, 1, 1, 1, 1, 0, 0, 0, 0, 0, 0, 0, 0, 0, 0, 0, 0, 0, 0, 0, 0, 0, 0, 0, 0]","[1, 1, 1, 1, 1, 1, 1, 1, 1, 1, 0, 0, 0, 0, 0, 0, 0, 0, 0, 0, 0, 0, 0, 0, 0, 0, 0, 0, 0, 0]"
GSE4607,DecisionTree,"[0, 0, 0, 0, 0, 0, 0, 0, 0, 0, 0, 0, 0, 0, 0, 1, 1, 1, 1, 1, 1, 1, 1, 1, 1, 1, 1, 1, 1, 1, 1, 1, 1, 1, 1, 1, 1, 1, 1, 1, 1, 1, 1, 1, 1, 1, 1, 1, 1, 1, 1, 1, 1, 1, 1, 1, 1, 1, 1, 1, 1, 1, 1, 1, 1, 1, 1, 1, 1, 1, 1, 1, 1, 1, 1, 1, 1, 1, 1, 1, 1, 1, 1, 1, 1, 1, 1, 1, 1, 1, 1, 1, 1, 1, 1, 1, 1, 1, 1, 1, 1, 1, 1, 1, 1, 1, 1, 1, 1, 1, 1, 1, 1, 1, 1, 1, 1, 1, 1, 1, 1, 1, 1]","[0, 0, 0, 0, 1, 0, 0, 0, 0, 0, 0, 0, 0, 0, 0, 1, 1, 1, 1, 1, 1, 1, 1, 1, 1, 1, 1, 1, 1, 1, 1, 1, 1, 1, 1, 1, 1, 1, 1, 1, 1, 1, 1, 1, 1, 1, 1, 1, 1, 1, 1, 1, 1, 1, 1, 1, 1, 1, 1, 1, 0, 1, 1, 1, 1, 1, 1, 1, 1, 1, 1, 1, 0, 1, 1, 1, 1, 1, 1, 0, 1, 1, 1, 1, 0, 1, 1, 1, 1, 1, 1, 1, 1, 1, 1, 1, 1, 1, 1, 1, 1, 1, 1, 1, 1, 1, 1, 1, 1, 1, 1, 1, 1, 1, 1, 1, 1, 0, 1, 1, 1, 1, 1]"
GSE8121,DecisionTree,"[0, 0, 0, 0, 0, 0, 0, 0, 0, 0, 0, 0, 0, 0, 0, 1, 1, 1, 1, 1, 1, 1, 1, 1, 1, 1, 1, 1, 1, 1, 1, 1, 1, 1, 1, 1, 1, 1, 1, 1, 1, 1, 1, 1, 1, 1, 1, 1, 1, 1, 1, 1, 1, 1, 1, 1, 1, 1, 1, 1, 1, 1, 1, 1, 1, 1, 1, 1, 1, 1, 1, 1, 1, 1, 1]","[0, 0, 0, 0, 0, 0, 0, 0, 0, 0, 0, 0, 0, 0, 0, 0, 1, 0, 0, 0, 0, 0, 0, 0, 0, 0, 0, 0, 0, 0, 0, 0, 0, 0, 0, 0, 0, 0, 0, 0, 0, 0, 0, 0, 0, 0, 0, 0, 0, 0, 0, 0, 0, 0, 0, 0, 0, 0, 0, 0, 0, 0, 0, 1, 0, 0, 0, 0, 0, 0, 0, 0, 0, 0, 0]"
GSE9692,DecisionTree,"[1, 1, 1, 1, 1, 1, 1, 1, 1, 1, 1, 1, 1, 1, 1, 1, 1, 1, 1, 1, 1, 0, 0, 0, 0, 0, 0, 0, 0, 0, 0, 0, 1, 1, 1, 1, 1, 1, 1, 1, 0, 0, 0, 0, 1]","[0, 0, 1, 0, 0, 0, 0, 0, 0, 0, 0, 0, 0, 0, 0, 0, 0, 0, 0, 0, 0, 0, 0, 0, 0, 0, 0, 0, 0, 0, 0, 0, 0, 0, 0, 0, 0, 0, 0, 0, 0, 0, 0, 0, 0]"
GSE13904,DecisionTree,"[0, 0, 0, 0, 0, 0, 0, 0, 0, 0, 0, 0, 0, 0, 0, 0, 0, 0, 1, 1, 1, 1, 1, 1, 1, 1, 1, 1, 1, 1, 1, 1, 1, 1, 1, 1, 1, 1, 1, 1, 1, 1, 1, 1, 1, 1, 1, 1, 1, 1, 1, 1, 1, 1, 1, 1, 1, 1, 1, 1, 1, 1, 1, 1, 1, 1, 1, 1, 1, 1]","[0, 0, 0, 0, 0, 0, 0, 0, 0, 0, 0, 0, 0, 0, 0, 0, 0, 0, 0, 1, 0, 0, 0, 0, 0, 0, 0, 0, 0, 0, 0, 0, 0, 0, 0, 0, 0, 0, 0, 0, 0, 0, 0, 0, 0, 0, 0, 0, 0, 0, 0, 0, 0, 0, 0, 0, 0, 0, 0, 0, 0, 0, 0, 0, 0, 0, 0, 1, 0, 0]"
GSE26378,DecisionTree,"[1, 1, 1, 1, 1, 1, 1, 1, 1, 1, 1, 1, 1, 0, 0, 0, 0, 0, 1, 1, 1, 1, 1, 1, 1, 1, 1, 1, 1, 1, 0, 0, 0, 0, 0, 0, 1, 1, 1, 1, 1, 1, 1, 1, 1, 1, 1, 1, 1, 1, 1, 1, 1, 1, 0, 1, 1, 1, 1, 1, 1, 1, 1, 0, 1, 1, 1, 1, 1, 1, 1, 1, 1, 1, 1, 1, 1, 0, 0, 1, 1, 1, 1, 1, 1, 0, 0, 1, 0, 0, 0, 0, 1, 1, 1, 1, 1, 1, 1, 1, 1, 1, 1]","[1, 1, 1, 0, 1, 1, 1, 1, 1, 1, 1, 1, 1, 0, 0, 0, 0, 0, 1, 1, 1, 1, 0, 1, 1, 1, 1, 1, 1, 1, 0, 0, 0, 0, 0, 1, 1, 0, 1, 1, 1, 1, 1, 1, 1, 1, 1, 1, 1, 1, 1, 1, 1, 0, 0, 0, 1, 1, 1, 1, 1, 0, 1, 0, 1, 1, 1, 1, 1, 1, 1, 1, 1, 1, 1, 1, 1, 0, 0, 1, 1, 1, 1, 1, 1, 0, 0, 1, 1, 0, 0, 0, 1, 1, 1, 1, 1, 1, 1, 1, 0, 1, 1]"
GSE28750,DecisionTree,"[1, 1, 1, 1, 1, 1, 1, 1, 1, 1, 0, 0, 0, 0, 0, 0, 0, 0, 0, 0, 0, 0, 0, 0, 0, 0, 0, 0, 0, 0]","[1, 1, 1, 1, 1, 1, 1, 1, 1, 1, 0, 0, 0, 0, 0, 0, 0, 0, 0, 0, 1, 0, 0, 0, 0, 0, 1, 1, 1, 1]"
GSE4607,Random Forest,"[0, 0, 0, 0, 0, 0, 0, 0, 0, 0, 0, 0, 0, 0, 0, 1, 1, 1, 1, 1, 1, 1, 1, 1, 1, 1, 1, 1, 1, 1, 1, 1, 1, 1, 1, 1, 1, 1, 1, 1, 1, 1, 1, 1, 1, 1, 1, 1, 1, 1, 1, 1, 1, 1, 1, 1, 1, 1, 1, 1, 1, 1, 1, 1, 1, 1, 1, 1, 1, 1, 1, 1, 1, 1, 1, 1, 1, 1, 1, 1, 1, 1, 1, 1, 1, 1, 1, 1, 1, 1, 1, 1, 1, 1, 1, 1, 1, 1, 1, 1, 1, 1, 1, 1, 1, 1, 1, 1, 1, 1, 1, 1, 1, 1, 1, 1, 1, 1, 1, 1, 1, 1, 1]","[0, 0, 0, 0, 1, 0, 0, 0, 0, 0, 0, 0, 0, 0, 0, 1, 1, 1, 1, 1, 1, 1, 1, 1, 1, 1, 1, 1, 1, 1, 1, 1, 1, 1, 1, 1, 1, 1, 1, 1, 1, 1, 1, 1, 1, 1, 1, 1, 1, 1, 1, 1, 1, 1, 1, 1, 1, 1, 1, 0, 1, 1, 1, 1, 1, 1, 1, 1, 1, 1, 1, 1, 0, 1, 1, 1, 1, 1, 1, 1, 1, 1, 1, 1, 0, 1, 1, 1, 1, 1, 1, 1, 1, 1, 1, 1, 1, 1, 1, 0, 1, 1, 1, 1, 1, 1, 1, 1, 1, 1, 1, 1, 1, 1, 1, 1, 1, 0, 1, 1, 1, 1, 1]"
GSE8121,Random Forest,"[0, 0, 0, 0, 0, 0, 0, 0, 0, 0, 0, 0, 0, 0, 0, 1, 1, 1, 1, 1, 1, 1, 1, 1, 1, 1, 1, 1, 1, 1, 1, 1, 1, 1, 1, 1, 1, 1, 1, 1, 1, 1, 1, 1, 1, 1, 1, 1, 1, 1, 1, 1, 1, 1, 1, 1, 1, 1, 1, 1, 1, 1, 1, 1, 1, 1, 1, 1, 1, 1, 1, 1, 1, 1, 1]","[1, 1, 1, 1, 1, 1, 1, 1, 1, 1, 1, 1, 1, 1, 1, 1, 1, 1, 1, 1, 1, 1, 1, 1, 1, 1, 1, 1, 1, 1, 1, 1, 1, 1, 1, 1, 1, 1, 1, 1, 1, 1, 1, 1, 1, 1, 1, 1, 1, 1, 1, 1, 1, 1, 1, 1, 1, 1, 1, 1, 1, 1, 1, 1, 1, 1, 1, 1, 1, 1, 1, 1, 1, 1, 1]"
GSE9692,Random Forest,"[1, 1, 1, 1, 1, 1, 1, 1, 1, 1, 1, 1, 1, 1, 1, 1, 1, 1, 1, 1, 1, 0, 0, 0, 0, 0, 0, 0, 0, 0, 0, 0, 1, 1, 1, 1, 1, 1, 1, 1, 0, 0, 0, 0, 1]","[1, 1, 1, 1, 1, 1, 1, 1, 1, 1, 1, 1, 1, 1, 1, 1, 1, 1, 1, 1, 1, 1, 1, 1, 1, 1, 1, 1, 1, 1, 1, 1, 1, 1, 1, 1, 1, 1, 1, 1, 1, 1, 1, 1, 1]"
GSE13904,Random Forest,"[0, 0, 0, 0, 0, 0, 0, 0, 0, 0, 0, 0, 0, 0, 0, 0, 0, 0, 1, 1, 1, 1, 1, 1, 1, 1, 1, 1, 1, 1, 1, 1, 1, 1, 1, 1, 1, 1, 1, 1, 1, 1, 1, 1, 1, 1, 1, 1, 1, 1, 1, 1, 1, 1, 1, 1, 1, 1, 1, 1, 1, 1, 1, 1, 1, 1, 1, 1, 1, 1]","[1, 1, 1, 1, 1, 1, 1, 1, 1, 1, 1, 1, 1, 1, 1, 1, 1, 1, 1, 1, 1, 1, 1, 1, 1, 1, 1, 1, 1, 1, 1, 1, 1, 1, 1, 1, 1, 1, 1, 1, 1, 1, 1, 1, 1, 1, 1, 1, 1, 1, 1, 1, 1, 1, 1, 1, 1, 1, 1, 1, 1, 1, 1, 1, 1, 1, 1, 1, 1, 1]"
GSE26378,Random Forest,"[1, 1, 1, 1, 1, 1, 1, 1, 1, 1, 1, 1, 1, 0, 0, 0, 0, 0, 1, 1, 1, 1, 1, 1, 1, 1, 1, 1, 1, 1, 0, 0, 0, 0, 0, 0, 1, 1, 1, 1, 1, 1, 1, 1, 1, 1, 1, 1, 1, 1, 1, 1, 1, 1, 0, 1, 1, 1, 1, 1, 1, 1, 1, 0, 1, 1, 1, 1, 1, 1, 1, 1, 1, 1, 1, 1, 1, 0, 0, 1, 1, 1, 1, 1, 1, 0, 0, 1, 0, 0, 0, 0, 1, 1, 1, 1, 1, 1, 1, 1, 1, 1, 1]","[1, 1, 1, 1, 1, 1, 1, 1, 1, 1, 1, 1, 1, 0, 0, 0, 0, 0, 1, 1, 1, 1, 1, 1, 1, 1, 1, 1, 1, 1, 0, 0, 0, 0, 0, 1, 1, 1, 1, 1, 1, 1, 1, 1, 1, 1, 1, 1, 1, 1, 1, 1, 1, 1, 0, 1, 1, 1, 1, 1, 1, 1, 1, 0, 1, 1, 1, 1, 1, 1, 1, 1, 1, 1, 1, 1, 1, 0, 0, 1, 1, 1, 1, 1, 1, 0, 0, 1, 1, 0, 0, 1, 1, 1, 1, 1, 1, 1, 1, 1, 1, 1, 1]"
GSE28750,Random Forest,"[1, 1, 1, 1, 1, 1, 1, 1, 1, 1, 0, 0, 0, 0, 0, 0, 0, 0, 0, 0, 0, 0, 0, 0, 0, 0, 0, 0, 0, 0]","[1, 1, 1, 1, 1, 1, 1, 1, 1, 1, 0, 0, 0, 0, 0, 0, 0, 0, 0, 0, 0, 0, 0, 0, 0, 0, 0, 0, 0, 0]"
GSE4607,Naive Bayes,"[0, 0, 0, 0, 0, 0, 0, 0, 0, 0, 0, 0, 0, 0, 0, 1, 1, 1, 1, 1, 1, 1, 1, 1, 1, 1, 1, 1, 1, 1, 1, 1, 1, 1, 1, 1, 1, 1, 1, 1, 1, 1, 1, 1, 1, 1, 1, 1, 1, 1, 1, 1, 1, 1, 1, 1, 1, 1, 1, 1, 1, 1, 1, 1, 1, 1, 1, 1, 1, 1, 1, 1, 1, 1, 1, 1, 1, 1, 1, 1, 1, 1, 1, 1, 1, 1, 1, 1, 1, 1, 1, 1, 1, 1, 1, 1, 1, 1, 1, 1, 1, 1, 1, 1, 1, 1, 1, 1, 1, 1, 1, 1, 1, 1, 1, 1, 1, 1, 1, 1, 1, 1, 1]","[0, 0, 0, 0, 0, 0, 0, 0, 0, 0, 0, 0, 0, 0, 0, 1, 1, 1, 1, 0, 1, 1, 1, 1, 1, 1, 1, 1, 1, 1, 1, 0, 1, 0, 1, 1, 0, 1, 1, 1, 1, 0, 1, 1, 1, 1, 1, 1, 1, 1, 1, 1, 1, 1, 1, 1, 1, 1, 1, 0, 1, 1, 1, 1, 1, 1, 1, 1, 1, 1, 1, 1, 0, 1, 1, 1, 1, 0, 1, 1, 1, 1, 0, 1, 0, 1, 1, 1, 1, 1, 1, 1, 1, 1, 1, 1, 1, 1, 1, 0, 0, 1, 1, 1, 0, 0, 1, 0, 1, 1, 1, 1, 1, 1, 1, 1, 0, 0, 1, 1, 1, 1, 1]"
GSE8121,Naive Bayes,"[0, 0, 0, 0, 0, 0, 0, 0, 0, 0, 0, 0, 0, 0, 0, 1, 1, 1, 1, 1, 1, 1, 1, 1, 1, 1, 1, 1, 1, 1, 1, 1, 1, 1, 1, 1, 1, 1, 1, 1, 1, 1, 1, 1, 1, 1, 1, 1, 1, 1, 1, 1, 1, 1, 1, 1, 1, 1, 1, 1, 1, 1, 1, 1, 1, 1, 1, 1, 1, 1, 1, 1, 1, 1, 1]","[1, 1, 1, 1, 1, 1, 1, 1, 1, 1, 1, 1, 1, 1, 1, 1, 1, 1, 1, 1, 1, 1, 1, 1, 1, 1, 1, 1, 1, 1, 1, 1, 1, 1, 1, 1, 1, 1, 1, 1, 1, 1, 1, 1, 1, 1, 1, 1, 1, 1, 1, 1, 1, 1, 1, 1, 1, 1, 1, 1, 1, 1, 1, 1, 1, 1, 1, 1, 1, 1, 1, 1, 1, 1, 1]"
GSE9692,Naive Bayes,"[1, 1, 1, 1, 1, 1, 1, 1, 1, 1, 1, 1, 1, 1, 1, 1, 1, 1, 1, 1, 1, 0, 0, 0, 0, 0, 0, 0, 0, 0, 0, 0, 1, 1, 1, 1, 1, 1, 1, 1, 0, 0, 0, 0, 1]","[1, 1, 1, 1, 1, 1, 1, 1, 1, 1, 1, 1, 1, 1, 1, 1, 1, 1, 1, 1, 1, 1, 1, 1, 1, 1, 1, 1, 1, 1, 1, 1, 1, 1, 1, 1, 1, 1, 1, 1, 1, 1, 1, 1, 1]"
GSE13904,Naive Bayes,"[0, 0, 0, 0, 0, 0, 0, 0, 0, 0, 0, 0, 0, 0, 0, 0, 0, 0, 1, 1, 1, 1, 1, 1, 1, 1, 1, 1, 1, 1, 1, 1, 1, 1, 1, 1, 1, 1, 1, 1, 1, 1, 1, 1, 1, 1, 1, 1, 1, 1, 1, 1, 1, 1, 1, 1, 1, 1, 1, 1, 1, 1, 1, 1, 1, 1, 1, 1, 1, 1]","[1, 1, 1, 1, 1, 1, 1, 1, 1, 1, 1, 1, 1, 1, 1, 1, 1, 1, 1, 1, 1, 1, 1, 1, 1, 1, 1, 1, 1, 1, 1, 1, 1, 1, 1, 1, 1, 1, 1, 1, 1, 1, 1, 1, 1, 1, 1, 1, 1, 1, 1, 1, 1, 1, 1, 1, 1, 1, 1, 1, 1, 1, 1, 1, 1, 1, 1, 1, 1, 1]"
GSE26378,Naive Bayes,"[1, 1, 1, 1, 1, 1, 1, 1, 1, 1, 1, 1, 1, 0, 0, 0, 0, 0, 1, 1, 1, 1, 1, 1, 1, 1, 1, 1, 1, 1, 0, 0, 0, 0, 0, 0, 1, 1, 1, 1, 1, 1, 1, 1, 1, 1, 1, 1, 1, 1, 1, 1, 1, 1, 0, 1, 1, 1, 1, 1, 1, 1, 1, 0, 1, 1, 1, 1, 1, 1, 1, 1, 1, 1, 1, 1, 1, 0, 0, 1, 1, 1, 1, 1, 1, 0, 0, 1, 0, 0, 0, 0, 1, 1, 1, 1, 1, 1, 1, 1, 1, 1, 1]","[1, 1, 1, 1, 1, 1, 1, 1, 0, 1, 1, 1, 1, 0, 0, 0, 0, 1, 1, 1, 1, 1, 1, 1, 1, 1, 1, 1, 1, 1, 0, 0, 0, 0, 0, 0, 1, 1, 1, 1, 1, 0, 1, 1, 1, 1, 1, 1, 1, 1, 1, 1, 1, 1, 0, 1, 1, 1, 1, 1, 1, 0, 1, 0, 1, 1, 1, 1, 1, 1, 1, 1, 1, 1, 1, 1, 1, 1, 0, 1, 1, 1, 1, 1, 0, 0, 0, 1, 0, 0, 0, 1, 1, 1, 1, 1, 1, 1, 1, 1, 1, 1, 1]"
GSE28750,Naive Bayes,"[1, 1, 1, 1, 1, 1, 1, 1, 1, 1, 0, 0, 0, 0, 0, 0, 0, 0, 0, 0, 0, 0, 0, 0, 0, 0, 0, 0, 0, 0]","[0, 0, 1, 1, 1, 1, 1, 1, 1, 1, 0, 0, 0, 0, 0, 0, 0, 0, 0, 0, 0, 0, 0, 0, 0, 0, 0, 0, 0, 0]"
GSE4607,Quadratic Discriminant Analysis,"[0, 0, 0, 0, 0, 0, 0, 0, 0, 0, 0, 0, 0, 0, 0, 1, 1, 1, 1, 1, 1, 1, 1, 1, 1, 1, 1, 1, 1, 1, 1, 1, 1, 1, 1, 1, 1, 1, 1, 1, 1, 1, 1, 1, 1, 1, 1, 1, 1, 1, 1, 1, 1, 1, 1, 1, 1, 1, 1, 1, 1, 1, 1, 1, 1, 1, 1, 1, 1, 1, 1, 1, 1, 1, 1, 1, 1, 1, 1, 1, 1, 1, 1, 1, 1, 1, 1, 1, 1, 1, 1, 1, 1, 1, 1, 1, 1, 1, 1, 1, 1, 1, 1, 1, 1, 1, 1, 1, 1, 1, 1, 1, 1, 1, 1, 1, 1, 1, 1, 1, 1, 1, 1]","[1, 1, 1, 1, 1, 0, 1, 0, 1, 1, 1, 1, 1, 1, 1, 1, 1, 0, 1, 1, 0, 1, 1, 1, 1, 1, 0, 1, 1, 1, 1, 0, 1, 1, 1, 1, 1, 1, 1, 1, 1, 1, 1, 1, 0, 1, 1, 1, 1, 1, 1, 1, 1, 0, 1, 1, 1, 1, 0, 1, 1, 1, 1, 1, 1, 1, 0, 1, 1, 1, 1, 1, 1, 0, 1, 1, 1, 1, 0, 0, 1, 1, 0, 0, 1, 0, 1, 1, 0, 1, 1, 1, 1, 1, 1, 1, 1, 0, 1, 0, 1, 1, 1, 0, 1, 0, 1, 0, 1, 1, 1, 1, 0, 0, 1, 1, 1, 0, 1, 1, 1, 0, 1]"
GSE8121,Quadratic Discriminant Analysis,"[0, 0, 0, 0, 0, 0, 0, 0, 0, 0, 0, 0, 0, 0, 0, 1, 1, 1, 1, 1, 1, 1, 1, 1, 1, 1, 1, 1, 1, 1, 1, 1, 1, 1, 1, 1, 1, 1, 1, 1, 1, 1, 1, 1, 1, 1, 1, 1, 1, 1, 1, 1, 1, 1, 1, 1, 1, 1, 1, 1, 1, 1, 1, 1, 1, 1, 1, 1, 1, 1, 1, 1, 1, 1, 1]","[1, 1, 1, 1, 1, 1, 1, 1, 1, 1, 1, 1, 1, 1, 1, 1, 1, 1, 1, 1, 1, 1, 1, 1, 1, 1, 1, 1, 1, 1, 1, 1, 1, 1, 1, 1, 1, 1, 1, 1, 1, 1, 1, 1, 1, 1, 1, 1, 1, 1, 1, 1, 1, 1, 1, 1, 1, 1, 1, 1, 1, 1, 1, 1, 1, 1, 1, 1, 1, 1, 1, 1, 1, 1, 1]"
GSE9692,Quadratic Discriminant Analysis,"[1, 1, 1, 1, 1, 1, 1, 1, 1, 1, 1, 1, 1, 1, 1, 1, 1, 1, 1, 1, 1, 0, 0, 0, 0, 0, 0, 0, 0, 0, 0, 0, 1, 1, 1, 1, 1, 1, 1, 1, 0, 0, 0, 0, 1]","[1, 1, 1, 1, 1, 1, 1, 1, 1, 1, 1, 1, 1, 1, 1, 1, 1, 1, 1, 1, 1, 1, 1, 1, 1, 1, 1, 1, 1, 1, 1, 1, 1, 1, 1, 1, 1, 1, 1, 1, 1, 1, 1, 1, 1]"
GSE13904,Quadratic Discriminant Analysis,"[0, 0, 0, 0, 0, 0, 0, 0, 0, 0, 0, 0, 0, 0, 0, 0, 0, 0, 1, 1, 1, 1, 1, 1, 1, 1, 1, 1, 1, 1, 1, 1, 1, 1, 1, 1, 1, 1, 1, 1, 1, 1, 1, 1, 1, 1, 1, 1, 1, 1, 1, 1, 1, 1, 1, 1, 1, 1, 1, 1, 1, 1, 1, 1, 1, 1, 1, 1, 1, 1]","[1, 1, 1, 1, 1, 1, 1, 1, 1, 1, 1, 1, 1, 1, 1, 1, 1, 1, 1, 1, 1, 1, 1, 1, 1, 1, 1, 1, 1, 1, 1, 1, 1, 1, 1, 1, 1, 1, 1, 1, 1, 1, 1, 1, 1, 1, 1, 1, 1, 1, 1, 1, 1, 1, 1, 1, 1, 1, 1, 1, 1, 1, 1, 1, 1, 1, 1, 1, 1, 1]"
GSE26378,Quadratic Discriminant Analysis,"[1, 1, 1, 1, 1, 1, 1, 1, 1, 1, 1, 1, 1, 0, 0, 0, 0, 0, 1, 1, 1, 1, 1, 1, 1, 1, 1, 1, 1, 1, 0, 0, 0, 0, 0, 0, 1, 1, 1, 1, 1, 1, 1, 1, 1, 1, 1, 1, 1, 1, 1, 1, 1, 1, 0, 1, 1, 1, 1, 1, 1, 1, 1, 0, 1, 1, 1, 1, 1, 1, 1, 1, 1, 1, 1, 1, 1, 0, 0, 1, 1, 1, 1, 1, 1, 0, 0, 1, 0, 0, 0, 0, 1, 1, 1, 1, 1, 1, 1, 1, 1, 1, 1]","[0, 0, 0, 1, 1, 0, 1, 0, 0, 0, 1, 0, 0, 0, 0, 1, 0, 1, 0, 0, 0, 0, 1, 0, 1, 0, 0, 1, 0, 0, 0, 0, 0, 1, 0, 0, 0, 1, 0, 1, 1, 0, 1, 1, 1, 1, 1, 0, 0, 1, 1, 1, 1, 1, 1, 1, 0, 0, 1, 1, 0, 1, 1, 1, 1, 0, 0, 0, 0, 0, 0, 0, 0, 0, 0, 0, 0, 1, 1, 0, 0, 0, 1, 1, 0, 1, 0, 0, 1, 0, 1, 1, 0, 1, 1, 0, 1, 0, 0, 0, 1, 1, 1]"
GSE28750,Quadratic Discriminant Analysis,"[1, 1, 1, 1, 1, 1, 1, 1, 1, 1, 0, 0, 0, 0, 0, 0, 0, 0, 0, 0, 0, 0, 0, 0, 0, 0, 0, 0, 0, 0]","[1, 1, 1, 0, 1, 0, 1, 1, 0, 1, 0, 0, 1, 0, 0, 0, 1, 1, 1, 1, 0, 0, 0, 0, 1, 1, 1, 1, 1, 1]"
GSE185263,CaT,"[1 0 1 1 0 1 1 1 1 1 1 1 0 1 0 1 1 1 0 1 1 0 1 1 1 1 1 1 1 1 1 1 0 1 1 1 1
 1 1 1 1 1 1 1 1 1 1 0 1 1 1 1 1 1 1 1 1 1 1 1 1 1 1 1 0 1 1 1 1 1 1 1 1 1
 1 1 1 1 1 1 1 1 1 1 1 1 1 0 1 1 0 1 1 1 1 1 1 1 1 1 1 1 1 1 0 1 1 1 1 0 1
 0 1 1 1 1 1 1 1 1 1 1 1 1 1 1 1 1 1 1 1 1 1 1 1 1 1 0 1 0 1 1 1 1 1 1 1 1
 0 1 1 1 1 1 1 1 1 1 1 1 1 1 1 1 1 1 1 1 1 0 1 1 1 1 1 1 1 1 1 1 1 1 1 1 1
 1 1 1 1 1 1 1 0 1 1 0 1 1 1 1 1 1 1 0 1 1 1 0 1 1 0 1 0 1 1 1 1 1 1 1 1 1
 1 1 1 1 1 1 1 1 1 1 1 1 1 1 1 1 1 1 1 1 1 1 1 0 1 1 1 0 1 1 1 1 1 1 1 1 1
 1 1 0 1 1 1 1 0 0 1 1 0 1 1 1 1]","[0.87594706, 0.22732697, 0.70470345, 0.7983318, 0.19389953, 0.76348084, 0.45561498, 0.86367303, 0.93104464, 0.7262761, 0.43124706, 0.8741209, 0.18049523, 0.8289387, 0.19731306, 0.88786685, 0.708763, 0.57166475, 0.1852194, 0.64633834, 0.2699602, 0.22508538, 0.6072118, 0.5490541, 0.9551247, 0.9479017, 0.8754538, 0.52860373, 0.8278041, 0.7074518, 0.9151658, 0.8697308, 0.20825315, 0.8047312, 0.76495886, 0.78668994, 0.7699719, 0.91945964, 0.8899324, 0.45848918, 0.8978647, 0.7595453, 0.81318784, 0.8656982, 0.9383259, 0.87339103, 0.82804537, 0.32861954, 0.49991983, 0.6715244, 0.5907332, 0.74744606, 0.36153978, 0.54424804, 0.49180594, 0.8203029, 0.8988931, 0.89665717, 0.28351605, 0.7325157, 0.9338122, 0.60024995, 0.5041017, 0.5458127, 0.21045482, 0.924708, 0.8892866, 0.7394257, 0.72806597, 0.12450744, 0.30847603, 0.9103659, 0.7179102, 0.22633669, 0.8285059, 0.6927817, 0.818964, 0.5715356, 0.26803806, 0.69938815, 0.8483771, 0.898021, 0.44456542, 0.83628696, 0.8346172, 0.712792, 0.46610463, 0.31457436, 0.74642336, 0.9119999, 0.19910681, 0.35083008, 0.6985027, 0.7190882, 0.88055027, 0.5300552, 0.87009853, 0.8883084, 0.67334867, 0.3455359, 0.37154466, 0.9347427, 0.68604213, 0.354479, 0.20337455, 0.35556406, 0.90573, 0.8462931, 0.8251701, 0.22651681, 0.7214655, 0.32236812, 0.5742226, 0.88881856, 0.6859548, 0.9035837, 0.6394783, 0.6266561, 0.9253874, 0.26331627, 0.93525815, 0.42262995, 0.74764025, 0.8810127, 0.8733801, 0.69800484, 0.597334, 0.77695763, 0.8752176, 0.74814546, 0.8385991, 0.94003075, 0.948506, 0.69190294, 0.52995557, 0.94618016, 0.902896, 0.76465666, 0.74002934, 0.19670008, 0.90002054, 0.8899865, 0.8293867, 0.91098076, 0.78933775, 0.7519643, 0.949027, 0.2837509, 0.23168594, 0.9191301, 0.7208775, 0.9366943, 0.83078307, 0.8612009, 0.8675822, 0.46978113, 0.72416085, 0.33243063, 0.9115464, 0.5424513, 0.76118004, 0.9644344, 0.9209187, 0.9287632, 0.45859355, 0.92285746, 0.65512806, 0.7375886, 0.9205502, 0.21292979, 0.85774016, 0.43454203, 0.77576864, 0.4213465, 0.71849275, 0.920975, 0.87275547, 0.7933027, 0.8178582, 0.8827257, 0.50771254, 0.8954115, 0.5629157, 0.95659816, 0.88650596, 0.8617263, 0.79117554, 0.57252663, 0.6029727, 0.76327187, 0.78380483, 0.34978232, 0.24613175, 0.768511, 0.57636255, 0.27163947, 0.8578179, 0.50619644, 0.79501635, 0.24125056, 0.39600077, 0.85671866, 0.93622386, 0.28861707, 0.8607859, 0.6158346, 0.86425894, 0.2030677, 0.95868313, 0.8099804, 0.20305578, 0.55096596, 0.30770636, 0.8083918, 0.6932455, 0.71892387, 0.8260845, 0.9420093, 0.8113828, 0.87097704, 0.68136847, 0.695525, 0.8180781, 0.9421697, 0.7517687, 0.356257, 0.48394123, 0.7471929, 0.5719871, 0.7025329, 0.29623485, 0.35506237, 0.931444, 0.6280403, 0.9514254, 0.57627934, 0.74137336, 0.5892087, 0.6303796, 0.7404216, 0.87263936, 0.64778894, 0.8493367, 0.6703935, 0.86464417, 0.28558782, 0.4965656, 0.7809134, 0.81603664, 0.16685987, 0.825523, 0.8018513, 0.19445448, 0.88271636, 0.6123062, 0.34020534, 0.6449152, 0.46314314, 0.62700593, 0.7902056, 0.42035922, 0.29932937, 0.9217025, 0.93662035, 0.3029222, 0.2922702, 0.25844774, 0.20527327, 0.7890798, 0.40588096, 0.26894954, 0.8350951, 0.81194544, 0.88544774, 0.47212663]"
GSE185263,K-Nearest Neighbors,"[1 0 1 1 0 1 1 1 1 1 1 1 0 1 0 1 1 1 0 1 1 0 1 1 1 1 1 1 1 1 1 1 0 1 1 1 1
 1 1 1 1 1 1 1 1 1 1 0 1 1 1 1 1 1 1 1 1 1 1 1 1 1 1 1 0 1 1 1 1 1 1 1 1 1
 1 1 1 1 1 1 1 1 1 1 1 1 1 0 1 1 0 1 1 1 1 1 1 1 1 1 1 1 1 1 0 1 1 1 1 0 1
 0 1 1 1 1 1 1 1 1 1 1 1 1 1 1 1 1 1 1 1 1 1 1 1 1 1 0 1 0 1 1 1 1 1 1 1 1
 0 1 1 1 1 1 1 1 1 1 1 1 1 1 1 1 1 1 1 1 1 0 1 1 1 1 1 1 1 1 1 1 1 1 1 1 1
 1 1 1 1 1 1 1 0 1 1 0 1 1 1 1 1 1 1 0 1 1 1 0 1 1 0 1 0 1 1 1 1 1 1 1 1 1
 1 1 1 1 1 1 1 1 1 1 1 1 1 1 1 1 1 1 1 1 1 1 1 0 1 1 1 0 1 1 1 1 1 1 1 1 1
 1 1 0 1 1 1 1 0 0 1 1 0 1 1 1 1]","[1 0 1 1 0 1 1 1 1 1 1 1 0 1 0 1 1 1 0 1 1 0 1 1 1 1 1 1 1 1 1 1 0 1 1 1 1
 1 1 1 1 0 1 1 1 1 1 0 1 1 1 1 1 1 1 1 1 1 1 1 1 1 1 1 0 1 1 1 1 0 1 1 1 1
 1 1 1 1 1 1 1 1 1 1 1 1 1 0 1 1 0 1 1 1 1 1 1 1 1 1 1 1 1 1 0 1 1 1 1 0 1
 0 1 1 1 1 1 1 1 1 1 1 1 1 1 1 1 1 1 1 1 1 1 1 1 1 1 1 1 0 1 1 1 1 1 1 1 1
 0 1 1 1 1 1 1 1 1 0 1 1 1 1 1 1 1 1 1 1 1 1 1 1 1 1 1 1 1 1 1 1 1 1 1 1 1
 1 1 1 1 1 1 1 0 1 1 0 1 1 1 1 1 1 1 0 1 1 1 1 1 1 0 1 0 1 1 1 1 1 1 1 1 1
 1 1 1 1 1 1 1 1 1 1 1 1 1 1 1 1 1 1 1 1 1 1 1 0 1 1 1 0 1 1 0 1 1 1 1 1 1
 1 1 0 1 1 1 1 0 0 1 1 0 1 1 1 1]"
GSE185263,DecisionTree,"[1 0 1 1 0 1 1 1 1 1 1 1 0 1 0 1 1 1 0 1 1 0 1 1 1 1 1 1 1 1 1 1 0 1 1 1 1
 1 1 1 1 1 1 1 1 1 1 0 1 1 1 1 1 1 1 1 1 1 1 1 1 1 1 1 0 1 1 1 1 1 1 1 1 1
 1 1 1 1 1 1 1 1 1 1 1 1 1 0 1 1 0 1 1 1 1 1 1 1 1 1 1 1 1 1 0 1 1 1 1 0 1
 0 1 1 1 1 1 1 1 1 1 1 1 1 1 1 1 1 1 1 1 1 1 1 1 1 1 0 1 0 1 1 1 1 1 1 1 1
 0 1 1 1 1 1 1 1 1 1 1 1 1 1 1 1 1 1 1 1 1 0 1 1 1 1 1 1 1 1 1 1 1 1 1 1 1
 1 1 1 1 1 1 1 0 1 1 0 1 1 1 1 1 1 1 0 1 1 1 0 1 1 0 1 0 1 1 1 1 1 1 1 1 1
 1 1 1 1 1 1 1 1 1 1 1 1 1 1 1 1 1 1 1 1 1 1 1 0 1 1 1 0 1 1 1 1 1 1 1 1 1
 1 1 0 1 1 1 1 0 0 1 1 0 1 1 1 1]","[1 0 1 1 0 1 1 1 1 1 1 1 0 1 0 1 1 1 0 1 1 1 1 1 1 1 1 1 1 1 1 1 0 1 1 1 1
 1 1 1 1 1 1 1 1 1 1 0 1 1 1 1 0 1 1 1 1 1 1 1 1 1 1 1 0 1 1 1 1 1 1 1 1 1
 1 1 1 1 1 1 1 1 1 1 1 1 0 1 1 1 0 1 1 1 1 1 1 1 1 1 1 1 1 1 1 1 1 1 1 1 1
 1 1 1 1 1 1 1 1 1 1 1 1 1 1 1 1 1 1 1 1 1 1 1 1 1 1 1 1 1 1 1 1 1 1 1 1 1
 0 1 1 1 1 1 1 1 1 1 1 1 1 1 1 1 1 1 1 1 1 1 1 1 1 1 1 1 1 1 1 1 1 1 1 1 1
 1 1 1 1 1 1 1 1 1 1 0 1 1 1 1 1 1 1 1 1 1 1 1 1 1 0 1 1 1 1 1 1 1 1 1 1 1
 1 1 1 1 1 1 1 1 1 1 1 1 1 1 1 1 1 1 1 1 1 1 1 1 1 1 1 0 1 1 1 1 1 1 1 1 1
 1 1 0 1 1 0 1 1 0 1 1 0 1 1 1 1]"
GSE185263,Random Forest,"[1 0 1 1 0 1 1 1 1 1 1 1 0 1 0 1 1 1 0 1 1 0 1 1 1 1 1 1 1 1 1 1 0 1 1 1 1
 1 1 1 1 1 1 1 1 1 1 0 1 1 1 1 1 1 1 1 1 1 1 1 1 1 1 1 0 1 1 1 1 1 1 1 1 1
 1 1 1 1 1 1 1 1 1 1 1 1 1 0 1 1 0 1 1 1 1 1 1 1 1 1 1 1 1 1 0 1 1 1 1 0 1
 0 1 1 1 1 1 1 1 1 1 1 1 1 1 1 1 1 1 1 1 1 1 1 1 1 1 0 1 0 1 1 1 1 1 1 1 1
 0 1 1 1 1 1 1 1 1 1 1 1 1 1 1 1 1 1 1 1 1 0 1 1 1 1 1 1 1 1 1 1 1 1 1 1 1
 1 1 1 1 1 1 1 0 1 1 0 1 1 1 1 1 1 1 0 1 1 1 0 1 1 0 1 0 1 1 1 1 1 1 1 1 1
 1 1 1 1 1 1 1 1 1 1 1 1 1 1 1 1 1 1 1 1 1 1 1 0 1 1 1 0 1 1 1 1 1 1 1 1 1
 1 1 0 1 1 1 1 0 0 1 1 0 1 1 1 1]","[1 0 1 1 0 1 1 1 1 1 1 1 0 1 1 1 1 1 0 1 1 0 1 1 1 1 1 1 1 1 1 1 0 1 1 1 1
 1 1 1 1 1 1 1 1 1 1 1 1 1 1 1 1 1 1 1 1 1 1 1 1 1 1 1 0 1 1 1 1 0 1 1 1 1
 1 1 1 1 1 1 1 1 1 1 1 1 1 1 1 1 0 1 1 1 1 1 1 1 1 1 1 1 1 1 0 1 1 1 1 0 1
 0 1 1 1 1 1 1 1 1 1 1 1 1 1 1 1 1 1 1 1 1 1 1 1 1 1 1 1 0 1 1 1 1 1 1 1 1
 0 1 1 1 1 1 1 1 1 0 1 1 1 1 1 1 1 1 1 1 1 0 1 1 1 1 1 1 1 1 1 1 1 1 1 1 1
 1 1 1 1 1 1 1 0 1 1 0 1 1 1 1 1 1 1 1 1 1 1 1 1 1 0 1 0 1 1 1 1 1 1 1 1 1
 1 1 1 1 1 1 1 1 1 1 1 1 1 1 1 1 1 1 1 1 1 1 1 0 1 1 1 0 1 1 0 1 1 1 1 1 1
 1 1 1 1 1 1 1 1 0 1 1 0 1 1 1 1]"
GSE185263,Naive Bayes,"[1 0 1 1 0 1 1 1 1 1 1 1 0 1 0 1 1 1 0 1 1 0 1 1 1 1 1 1 1 1 1 1 0 1 1 1 1
 1 1 1 1 1 1 1 1 1 1 0 1 1 1 1 1 1 1 1 1 1 1 1 1 1 1 1 0 1 1 1 1 1 1 1 1 1
 1 1 1 1 1 1 1 1 1 1 1 1 1 0 1 1 0 1 1 1 1 1 1 1 1 1 1 1 1 1 0 1 1 1 1 0 1
 0 1 1 1 1 1 1 1 1 1 1 1 1 1 1 1 1 1 1 1 1 1 1 1 1 1 0 1 0 1 1 1 1 1 1 1 1
 0 1 1 1 1 1 1 1 1 1 1 1 1 1 1 1 1 1 1 1 1 0 1 1 1 1 1 1 1 1 1 1 1 1 1 1 1
 1 1 1 1 1 1 1 0 1 1 0 1 1 1 1 1 1 1 0 1 1 1 0 1 1 0 1 0 1 1 1 1 1 1 1 1 1
 1 1 1 1 1 1 1 1 1 1 1 1 1 1 1 1 1 1 1 1 1 1 1 0 1 1 1 0 1 1 1 1 1 1 1 1 1
 1 1 0 1 1 1 1 0 0 1 1 0 1 1 1 1]","[1 0 1 1 0 1 1 1 1 1 1 1 0 1 0 1 1 1 0 1 1 0 1 1 1 1 1 1 1 1 1 1 0 1 1 1 1
 1 1 1 1 1 1 1 1 1 1 1 1 1 1 1 1 1 1 1 1 1 1 1 1 1 1 1 0 1 1 1 1 1 1 1 1 1
 1 1 1 1 1 1 1 1 1 1 1 1 1 0 1 1 0 1 1 1 1 1 1 1 1 1 1 1 1 1 0 1 1 1 1 0 1
 0 1 1 1 1 1 1 1 0 1 1 1 1 1 1 1 1 1 1 1 1 1 1 1 1 1 1 1 0 1 1 1 1 1 1 1 1
 0 1 1 1 1 1 1 1 1 0 1 1 1 1 1 1 1 1 1 1 1 0 1 1 1 1 1 1 1 1 1 1 1 1 1 1 1
 1 1 1 1 1 1 1 0 1 1 0 1 1 1 1 1 1 1 0 1 1 1 0 1 1 0 1 0 1 1 1 1 1 1 1 1 1
 1 1 1 0 1 1 1 1 1 1 1 1 1 1 1 1 1 1 1 1 1 1 1 0 1 1 1 0 1 1 1 1 1 1 1 1 1
 1 1 0 1 1 1 1 0 0 1 1 0 1 1 1 1]"
GSE185263,Quadratic Discriminant Analysis,"[1 0 1 1 0 1 1 1 1 1 1 1 0 1 0 1 1 1 0 1 1 0 1 1 1 1 1 1 1 1 1 1 0 1 1 1 1
 1 1 1 1 1 1 1 1 1 1 0 1 1 1 1 1 1 1 1 1 1 1 1 1 1 1 1 0 1 1 1 1 1 1 1 1 1
 1 1 1 1 1 1 1 1 1 1 1 1 1 0 1 1 0 1 1 1 1 1 1 1 1 1 1 1 1 1 0 1 1 1 1 0 1
 0 1 1 1 1 1 1 1 1 1 1 1 1 1 1 1 1 1 1 1 1 1 1 1 1 1 0 1 0 1 1 1 1 1 1 1 1
 0 1 1 1 1 1 1 1 1 1 1 1 1 1 1 1 1 1 1 1 1 0 1 1 1 1 1 1 1 1 1 1 1 1 1 1 1
 1 1 1 1 1 1 1 0 1 1 0 1 1 1 1 1 1 1 0 1 1 1 0 1 1 0 1 0 1 1 1 1 1 1 1 1 1
 1 1 1 1 1 1 1 1 1 1 1 1 1 1 1 1 1 1 1 1 1 1 1 0 1 1 1 0 1 1 1 1 1 1 1 1 1
 1 1 0 1 1 1 1 0 0 1 1 0 1 1 1 1]","[1 1 1 1 1 1 1 1 1 1 1 1 1 1 1 1 1 1 1 1 1 1 1 1 1 1 1 1 1 1 1 1 1 1 1 1 1
 1 1 1 1 1 1 1 1 1 1 1 1 1 1 1 1 1 1 1 1 1 1 1 1 1 1 1 1 1 1 1 1 1 1 1 1 1
 1 1 1 1 1 1 1 1 1 1 1 1 1 1 1 1 1 1 1 1 1 1 1 1 1 1 1 1 1 1 1 1 1 1 1 1 1
 1 1 1 1 1 1 1 1 1 1 1 1 1 1 1 1 1 1 1 1 1 1 1 1 1 1 1 1 1 1 1 1 1 1 1 1 1
 1 1 1 1 1 1 1 1 1 1 1 1 1 1 1 1 1 1 1 1 1 1 1 1 1 1 1 1 1 1 1 1 1 1 1 1 1
 1 1 1 1 1 1 1 1 1 1 1 1 1 1 1 1 1 1 1 1 1 1 1 1 1 1 1 1 1 1 1 1 1 1 1 1 1
 1 1 1 1 1 1 1 1 1 1 1 1 1 1 1 1 1 1 1 1 1 1 1 1 1 0 1 0 1 1 1 1 1 1 1 1 1
 1 1 1 1 1 1 1 0 1 1 1 1 1 1 1 1]"
